timestamp,date_GMT,status,attendance,home_team_name,away_team_name,referee,Game Week,Pre-Match PPG (Home),Pre-Match PPG (Away),home_ppg,away_ppg,home_team_goal_count,away_team_goal_count,total_goal_count,total_goals_at_half_time,home_team_goal_count_half_time,away_team_goal_count_half_time,home_team_goal_timings,away_team_goal_timings,home_team_corner_count,away_team_corner_count,home_team_yellow_cards,home_team_red_cards,away_team_yellow_cards,away_team_red_cards,home_team_first_half_cards,home_team_second_half_cards,away_team_first_half_cards,away_team_second_half_cards,home_team_shots,away_team_shots,home_team_shots_on_target,away_team_shots_on_target,home_team_shots_off_target,away_team_shots_off_target,home_team_fouls,away_team_fouls,home_team_possession,away_team_possession,Home Team Pre-Match xG,Away Team Pre-Match xG,team_a_xg,team_b_xg,average_goals_per_match_pre_match,btts_percentage_pre_match,over_15_percentage_pre_match,over_25_percentage_pre_match,over_35_percentage_pre_match,over_45_percentage_pre_match,over_15_HT_FHG_percentage_pre_match,over_05_HT_FHG_percentage_pre_match,over_15_2HG_percentage_pre_match,over_05_2HG_percentage_pre_match,average_corners_per_match_pre_match,average_cards_per_match_pre_match,odds_ft_home_team_win,odds_ft_draw,odds_ft_away_team_win,odds_ft_over15,odds_ft_over25,odds_ft_over35,odds_ft_over45,odds_btts_yes,odds_btts_no,stadium_name
1755284400,Aug 15 2025 - 7:00pm,complete,N/A,Liverpool,AFC Bournemouth,N/A,1,0.00,0.00,2.25,1.25,4,2,6,1,1,0,"37,90'4,49,88","64,76",6,7,1,0,2,0,1,0,1,1,19,10,10,3,9,7,7,10,61,39,0.00,0.00,2.31,1.12,0.00,0,0,0,0,0,0,0,0,0,0.00,0.00,1.20,5.80,9.00,1.10,1.36,1.95,3.00,1.64,2.22,Anfield
1755343800,Aug 16 2025 - 11:30am,complete,N/A,Aston Villa,Newcastle United,N/A,1,0.00,0.00,2.00,0.75,0,0,0,0,0,0,"","",3,6,1,1,1,0,0,2,1,0,3,16,3,3,0,13,13,11,40,60,0.00,0.00,0.69,1.66,0.00,0,0,0,0,0,0,0,0,0,0.00,0.00,2.44,3.25,2.78,1.24,1.77,2.88,4.50,1.65,2.19,N/A
1755352800,Aug 16 2025 - 2:00pm,complete,N/A,Sunderland,West Ham United,N/A,1,0.00,0.00,2.50,0.80,3,0,3,0,0,0,"61,73,90'2","",5,7,0,0,1,0,0,0,0,1,10,12,5,4,5,8,8,10,37,63,0.00,0.00,1.19,1.45,0.00,0,0,0,0,0,0,0,0,0,0.00,0.00,3.20,3.15,2.20,1.25,2.17,4.00,10.00,1.82,1.88,Stadium of Light
1755352800,Aug 16 2025 - 2:00pm,complete,N/A,Tottenham Hotspur,Burnley,N/A,1,0.00,0.00,1.00,0.60,3,0,3,1,1,0,"10,60,66","",6,5,0,0,0,0,0,0,0,0,16,14,6,4,10,10,14,8,67,33,0.00,0.00,1.79,1.41,0.00,0,0,0,0,0,0,0,0,0,0.00,0.00,1.42,4.00,6.50,1.17,1.88,3.20,6.25,1.85,1.85,N/A
1755352800,Aug 16 2025 - 2:00pm,complete,N/A,Brighton & Hove Albion,Fulham,N/A,1,0.00,0.00,2.00,0.20,1,1,2,0,0,0,"55","90'7",4,3,3,0,3,0,0,3,1,2,10,7,4,2,6,5,16,15,50,50,0.00,0.00,1.20,0.90,0.00,0,0,0,0,0,0,0,0,0,0.00,0.00,1.75,3.50,3.60,1.25,1.90,3.10,5.75,1.75,2.05,The American Express Community Stadium
1755361800,Aug 16 2025 - 4:30pm,complete,N/A,Wolverhampton Wanderers,Manchester City,N/A,1,0.00,0.00,0.20,1.40,0,4,4,2,0,2,"","37,34,61,81",4,5,1,0,2,0,0,1,0,2,9,15,3,4,6,11,13,7,42,58,0.00,0.00,1.04,1.60,0.00,0,0,0,0,0,0,0,0,0,0.00,0.00,6.40,4.50,1.40,1.22,1.73,2.45,5.35,1.85,1.91,Molineux Stadium
1755435600,Aug 17 2025 - 1:00pm,complete,N/A,Chelsea,Crystal Palace,N/A,1,0.00,0.00,1.40,1.40,0,0,0,0,0,0,"","",11,2,2,0,3,0,1,1,2,1,19,11,3,4,16,7,10,12,72,28,0.00,0.00,1.89,1.13,0.00,0,0,0,0,0,0,0,0,0,0.00,0.00,1.64,3.62,4.50,1.22,1.68,2.70,5.00,1.60,2.05,N/A
1755435600,Aug 17 2025 - 1:00pm,complete,N/A,Nottingham Forest,Brentford,N/A,1,0.00,0.00,0.75,0.75,3,1,4,3,3,0,"5,42,45'2","78",5,5,1,0,2,0,0,1,0,2,11,10,5,3,6,7,7,15,54,46,0.00,0.00,1.52,1.05,0.00,0,0,0,0,0,0,0,0,0,0.00,0.00,1.87,3.40,4.10,1.30,2.04,3.40,6.50,1.85,1.95,The City Ground
1755444600,Aug 17 2025 - 3:30pm,complete,N/A,Manchester United,Arsenal,N/A,1,0.00,0.00,2.40,2.25,0,1,1,1,0,1,"","13",3,4,1,0,4,0,0,1,1,3,22,9,7,3,15,6,10,19,61,39,0.00,0.00,2.22,1.09,0.00,0,0,0,0,0,0,0,0,0,0.00,0.00,3.90,3.70,1.80,1.22,1.63,2.80,5.00,1.60,2.20,Old Trafford
1755543600,Aug 18 2025 - 7:00pm,complete,N/A,Leeds United,Everton,N/A,1,0.00,0.00,1.60,0.75,1,0,1,0,0,0,"84","",7,2,0,0,2,0,0,0,0,2,21,7,3,1,18,6,6,8,54,46,0.00,0.00,1.95,0.77,0.00,0,0,0,0,0,0,0,0,0,0.00,0.00,2.34,3.34,3.15,1.35,2.05,3.95,7.50,1.88,2.00,Elland Road
1755889200,Aug 22 2025 - 7:00pm,complete,N/A,West Ham United,Chelsea,N/A,2,0.00,0.00,0.00,1.75,1,5,6,4,1,3,"6","23,34,15,58,54",7,5,0,0,1,0,0,0,0,1,12,12,4,7,8,5,7,10,41,59,0.00,0.00,1.48,1.71,0.00,0,0,0,0,0,0,0,0,0,0.00,0.00,4.80,3.80,1.67,1.25,1.74,2.65,5.00,1.70,2.12,London Stadium
1755948600,Aug 23 2025 - 11:30am,complete,N/A,Manchester City,Tottenham Hotspur,N/A,2,0.00,0.00,2.25,2.60,0,2,2,2,0,2,"","35,45'2",7,2,1,0,4,0,0,1,1,3,10,12,4,5,6,7,7,12,61,39,0.00,0.00,1.33,1.41,0.00,0,0,0,0,0,0,0,0,0,0.00,0.00,1.50,4.87,6.00,1.11,1.50,2.10,3.75,1.56,2.30,Etihad Stadium
1755957600,Aug 23 2025 - 2:00pm,complete,N/A,Brentford,Aston Villa,N/A,2,0.00,0.00,2.00,1.25,1,0,1,1,1,0,"12","",2,9,1,0,2,0,0,1,0,2,9,17,2,2,7,15,11,9,24,76,0.00,0.00,0.97,1.81,0.00,0,0,0,0,0,0,0,0,0,0.00,0.00,2.98,3.48,2.20,1.23,1.75,2.75,5.50,1.65,2.15,N/A
1755957600,Aug 23 2025 - 2:00pm,complete,N/A,Burnley,Sunderland,N/A,2,0.00,0.00,1.75,1.40,2,0,2,0,0,0,"88,47","",4,3,0,0,1,0,0,0,1,0,7,9,2,1,5,8,9,5,42,58,0.00,0.00,0.89,1.08,0.00,0,0,0,0,0,0,0,0,0,0.00,0.00,2.31,3.11,3.38,1.44,2.38,4.33,9.50,2.00,1.75,Turf Moor
1755957600,Aug 23 2025 - 2:00pm,complete,N/A,AFC Bournemouth,Wolverhampton Wanderers,N/A,2,0.00,0.00,2.60,0.25,1,0,1,1,1,0,"4","",8,3,1,0,3,1,0,1,1,3,14,6,4,1,10,5,13,16,59,41,0.00,0.00,1.54,0.74,0.00,0,0,0,0,0,0,0,0,0,0.00,0.00,1.85,3.85,4.32,1.25,1.80,2.86,5.25,1.65,2.15,Vitality Stadium
1755966600,Aug 23 2025 - 4:30pm,complete,N/A,Arsenal,Leeds United,N/A,2,0.00,0.00,2.60,0.75,5,0,5,2,2,0,"45'1,48,56,90'5,34","",2,2,0,0,2,0,0,0,1,1,18,3,5,1,13,2,8,11,68,32,0.00,0.00,1.91,0.31,0.00,0,0,0,0,0,0,0,0,0,0.00,0.00,1.33,5.75,8.25,1.19,1.67,2.55,4.75,1.91,1.80,Emirates Stadium
1756040400,Aug 24 2025 - 1:00pm,complete,N/A,Everton,Brighton & Hove Albion,N/A,2,0.00,0.00,1.60,0.80,2,0,2,1,1,0,"23,52","",2,2,4,0,3,0,1,3,2,1,11,13,3,4,8,9,7,15,42,58,0.00,0.00,1.24,1.43,0.00,0,0,0,0,0,0,0,0,0,0.00,0.00,3.10,3.25,2.35,1.34,1.98,3.55,7.00,1.77,1.91,N/A
1756040400,Aug 24 2025 - 1:00pm,complete,N/A,Crystal Palace,Nottingham Forest,N/A,2,0.00,0.00,1.50,0.40,1,1,2,1,1,0,"37","57",1,3,3,0,3,0,1,2,0,3,8,9,4,1,4,8,11,11,42,58,0.00,0.00,1.08,1.01,0.00,0,0,0,0,0,0,0,0,0,0.00,0.00,2.44,3.24,3.20,1.40,1.98,4.05,9.00,1.85,1.91,Selhurst Park
1756049400,Aug 24 2025 - 3:30pm,complete,N/A,Fulham,Manchester United,N/A,2,0.00,0.00,1.75,1.00,1,1,2,0,0,0,"73","58",9,6,1,0,1,0,0,1,1,0,13,10,4,3,9,7,12,10,52,48,0.00,0.00,1.55,1.17,0.00,0,0,0,0,0,0,0,0,0,0.00,0.00,3.40,3.52,2.15,1.26,1.80,2.90,5.50,1.64,2.12,Craven Cottage
1756148400,Aug 25 2025 - 7:00pm,complete,N/A,Newcastle United,Liverpool,N/A,2,0.00,0.00,1.80,1.20,2,3,5,1,0,1,"88,57","35,90'10,46",7,1,2,1,3,0,2,1,2,1,10,5,3,4,7,1,17,15,38,62,0.00,0.00,1.29,0.85,0.00,0,0,0,0,0,0,0,0,0,0.00,0.00,3.15,3.65,1.97,1.13,1.53,2.30,4.20,1.51,2.50,N/A
1756553400,Aug 30 2025 - 11:30am,complete,N/A,Chelsea,Fulham,N/A,3,1.00,1.00,1.40,0.20,2,0,2,1,1,0,"45'9,56","",6,4,2,0,2,0,1,1,0,2,13,11,6,3,7,8,11,17,54,46,1.89,0.90,1.62,1.17,1.00,50,50,0,0,0,0,0,50,50,14.00,5.00,1.62,4.10,5.20,1.20,1.77,2.88,4.60,1.71,2.04,N/A
1756562400,Aug 30 2025 - 2:00pm,complete,N/A,Tottenham Hotspur,AFC Bournemouth,N/A,3,3.00,0.00,1.00,1.25,0,1,1,1,0,1,"","5",0,8,2,0,4,0,1,1,1,3,5,20,1,6,4,14,17,13,61,39,1.79,1.12,0.74,2.00,4.50,50,100,100,50,50,0,100,100,100,13.00,2.00,1.88,3.78,3.80,1.15,1.66,2.53,4.40,1.56,2.38,N/A
1756562400,Aug 30 2025 - 2:00pm,complete,N/A,Manchester United,Burnley,N/A,3,0.00,0.00,2.40,0.60,3,2,5,1,1,0,"27,90'7,57","55,66",7,1,1,0,5,0,0,1,0,5,26,6,6,3,20,3,9,9,62,38,2.22,1.41,2.55,0.78,2.00,0,50,50,0,0,0,100,50,50,8.00,1.00,1.35,5.00,7.20,1.18,1.72,2.45,4.30,2.00,1.89,Old Trafford
1756562400,Aug 30 2025 - 2:00pm,complete,N/A,Sunderland,Brentford,N/A,3,3.00,0.00,2.50,0.75,2,1,3,0,0,0,"82,90'6","77",3,4,3,0,2,0,0,3,0,2,12,7,3,4,9,3,11,12,54,46,1.19,1.05,1.29,0.92,3.50,50,100,100,50,0,50,50,50,100,10.00,2.00,2.93,3.25,2.45,1.30,2.16,3.64,8.00,1.80,1.97,Stadium of Light
1756562400,Aug 30 2025 - 2:00pm,complete,N/A,Wolverhampton Wanderers,Everton,N/A,3,0.00,0.00,0.20,0.75,2,3,5,3,1,2,"21,79","7,33,55",2,2,0,0,1,0,0,0,1,0,12,10,4,4,8,6,15,10,59,41,1.04,0.77,1.30,1.28,2.50,0,50,50,50,0,50,50,50,100,6.00,3.00,3.19,3.10,2.45,1.42,2.33,4.00,8.70,1.85,1.85,Molineux Stadium
1756571400,Aug 30 2025 - 4:30pm,complete,N/A,Leeds United,Newcastle United,N/A,3,3.00,1.00,1.60,0.75,0,0,0,0,0,0,"","",5,5,1,0,1,0,1,0,1,0,10,8,1,2,9,6,10,15,43,57,1.95,1.66,1.03,1.01,0.50,0,0,0,0,0,0,0,0,50,13.00,1.00,3.25,3.40,2.15,1.25,1.94,3.00,5.80,1.65,2.15,Elland Road
1756645200,Aug 31 2025 - 1:00pm,complete,N/A,Nottingham Forest,West Ham United,N/A,3,3.00,0.00,0.75,0.80,0,3,3,0,0,0,"","88,90'1,84",9,7,0,0,0,0,0,0,0,0,11,12,3,8,8,4,14,6,58,42,1.52,1.45,1.43,1.57,3.50,50,100,100,50,0,50,50,50,100,12.00,2.00,1.67,3.90,4.90,1.25,1.84,2.99,7.00,1.75,1.95,The City Ground
1756645200,Aug 31 2025 - 1:00pm,complete,N/A,Brighton & Hove Albion,Manchester City,N/A,3,1.00,3.00,2.00,1.40,2,1,3,1,0,1,"67,89","34",3,2,2,0,2,0,1,1,0,2,12,12,7,3,5,9,16,14,36,64,1.20,1.60,1.55,1.33,3.00,50,100,50,50,0,50,50,100,100,9.00,5.00,3.35,3.65,1.99,1.17,1.55,2.45,4.20,1.50,2.45,The American Express Community Stadium
1756654200,Aug 31 2025 - 3:30pm,complete,N/A,Liverpool,Arsenal,N/A,3,3.00,3.00,2.25,2.25,1,0,1,0,0,0,"83","",3,8,2,0,2,0,1,1,0,2,9,11,3,1,6,10,7,10,53,47,2.31,1.09,0.95,1.09,3.50,50,50,50,50,50,0,100,50,50,10.00,5.00,2.38,3.40,3.00,1.28,1.83,2.95,6.00,1.62,2.20,Anfield
1756663200,Aug 31 2025 - 6:00pm,complete,N/A,Aston Villa,Crystal Palace,N/A,3,1.00,1.00,2.00,1.40,0,3,3,1,0,1,"","21,68,78",10,1,2,0,3,0,2,0,1,2,13,6,4,4,9,2,7,14,58,42,0.69,1.13,1.56,0.85,0.00,0,0,0,0,0,0,0,0,0,5.00,6.00,1.84,3.25,3.60,1.30,2.03,3.52,6.50,1.83,2.02,N/A
1757763000,Sep 13 2025 - 11:30am,complete,N/A,Arsenal,Nottingham Forest,N/A,4,3.00,1.00,2.60,0.40,3,0,3,1,1,0,"32,46,79","",8,3,1,0,1,0,0,1,0,1,16,5,5,1,11,4,8,11,54,46,1.91,1.01,1.88,0.65,3.50,50,100,50,50,50,50,100,50,100,5.00,3.00,1.37,5.09,8.35,1.18,1.68,2.60,4.50,1.96,1.85,Emirates Stadium
1757772000,Sep 13 2025 - 2:00pm,complete,N/A,AFC Bournemouth,Brighton & Hove Albion,N/A,4,3.00,0.00,2.60,0.80,2,1,3,1,1,0,"18,61","48",4,4,4,0,4,0,3,1,1,3,13,6,5,2,8,4,16,10,51,49,1.54,1.43,1.51,0.87,1.50,0,50,0,0,0,0,100,0,50,10.00,4.00,2.21,3.50,2.95,1.22,1.67,2.50,4.33,1.52,2.45,Vitality Stadium
1757772000,Sep 13 2025 - 2:00pm,complete,N/A,Crystal Palace,Sunderland,N/A,4,1.00,0.00,1.50,1.40,0,0,0,0,0,0,"","",5,3,1,0,1,0,1,0,0,1,14,6,6,0,8,6,10,8,56,44,1.08,1.08,1.64,0.67,2.00,50,100,0,0,0,0,50,50,100,4.00,4.00,1.73,3.45,4.95,1.38,2.20,3.82,7.30,2.05,1.78,Selhurst Park
1757772000,Sep 13 2025 - 2:00pm,complete,N/A,Everton,Aston Villa,N/A,4,3.00,0.00,1.60,1.25,0,0,0,0,0,0,"","",10,3,3,0,3,0,1,2,1,2,20,7,2,1,18,6,17,15,48,52,1.24,1.81,1.88,0.76,1.50,0,50,0,0,0,0,100,0,50,11.00,6.00,2.45,3.34,2.85,1.35,2.05,3.48,6.80,1.74,2.00,N/A
1757772000,Sep 13 2025 - 2:00pm,complete,N/A,Fulham,Leeds United,N/A,4,1.00,0.00,1.75,0.75,1,0,1,0,0,0,"90'4","",3,3,1,0,2,0,0,1,1,1,5,10,3,3,2,7,20,15,54,46,1.55,0.31,0.87,1.17,3.50,50,100,50,50,50,50,50,100,100,11.00,3.00,1.97,3.50,3.80,1.32,2.09,3.48,6.50,1.80,1.88,Craven Cottage
1757772000,Sep 13 2025 - 2:00pm,complete,N/A,Newcastle United,Wolverhampton Wanderers,N/A,4,0.00,0.00,1.80,0.25,1,0,1,1,1,0,"29","",9,4,1,0,4,0,0,1,2,2,16,8,4,3,12,5,10,17,57,43,1.29,0.74,1.87,0.98,3.00,50,50,50,50,50,0,100,50,50,10.00,8.00,1.40,4.60,7.90,1.22,1.75,2.75,5.00,2.00,1.82,N/A
1757781000,Sep 13 2025 - 4:30pm,complete,N/A,West Ham United,Tottenham Hotspur,N/A,4,0.00,3.00,0.00,2.60,0,3,3,0,0,0,"","47,57,64",2,13,0,1,1,0,0,1,0,1,7,14,4,5,3,9,8,7,36,64,1.48,1.41,0.95,1.73,4.00,50,100,50,50,50,100,100,50,50,9.00,4.00,3.90,3.70,1.90,1.22,1.80,2.75,4.70,1.65,2.18,London Stadium
1757790000,Sep 13 2025 - 7:00pm,complete,N/A,Brentford,Chelsea,N/A,4,3.00,3.00,2.00,1.75,2,2,4,1,1,0,"90'3,35","61,85",5,6,3,0,2,0,1,2,1,1,7,16,4,6,3,10,13,9,34,66,0.97,1.71,0.99,1.84,3.50,50,50,50,50,50,50,100,50,50,7.00,2.00,4.40,3.75,1.78,1.21,1.80,2.70,5.00,1.70,2.13,N/A
1757854800,Sep 14 2025 - 1:00pm,complete,N/A,Burnley,Liverpool,N/A,4,3.00,3.00,1.75,1.20,0,1,1,0,0,0,"","90'5",1,13,1,1,2,0,1,1,1,1,3,27,0,4,3,23,9,9,19,81,0.89,0.85,0.31,2.74,3.50,50,100,50,50,50,0,50,100,100,5.00,3.00,8.75,5.47,1.35,1.14,1.44,2.25,3.64,1.74,2.00,Turf Moor
1757863800,Sep 14 2025 - 3:30pm,complete,N/A,Manchester City,Manchester United,N/A,4,0.00,1.00,2.25,1.00,3,0,3,1,1,0,"18,53,68","",2,4,0,0,0,0,0,0,0,0,13,12,6,2,7,10,8,8,45,55,1.33,1.17,1.49,1.37,2.00,50,100,0,0,0,50,50,50,50,13.00,2.00,1.75,3.90,4.40,1.12,1.52,2.30,3.92,1.53,2.50,Etihad Stadium
1758367800,Sep 20 2025 - 11:30am,complete,N/A,Liverpool,Everton,N/A,5,3.00,1.50,2.25,0.75,2,1,3,2,2,0,"10,29","58",5,4,2,0,3,0,0,2,1,2,11,9,3,2,8,7,11,10,57,43,1.63,1.03,1.26,1.14,3.25,50,50,50,50,50,25,50,50,100,6.50,3.00,1.46,4.30,6.50,1.18,1.57,2.55,4.40,1.75,2.05,Anfield
1758376800,Sep 20 2025 - 2:00pm,complete,N/A,Brighton & Hove Albion,Tottenham Hotspur,N/A,5,2.00,3.00,2.00,2.60,2,2,4,3,2,1,"8,31","82,43",2,10,1,0,2,0,0,1,0,2,12,11,4,3,8,8,10,13,36,64,1.38,1.57,1.06,1.04,2.50,50,100,50,0,0,25,50,75,75,11.00,5.00,2.30,3.60,2.95,1.22,1.68,2.63,5.10,1.53,2.50,The American Express Community Stadium
1758376800,Sep 20 2025 - 2:00pm,complete,N/A,West Ham United,Crystal Palace,N/A,5,0.00,2.00,0.00,1.40,1,2,3,1,0,1,"49","37,68",8,8,3,0,3,0,1,2,1,2,8,18,3,3,5,15,15,5,57,43,1.22,0.99,1.07,1.66,3.00,25,75,75,25,25,25,50,75,75,6.00,4.00,3.34,3.39,2.15,1.33,2.02,3.45,7.00,1.81,2.02,London Stadium
1758376800,Sep 20 2025 - 2:00pm,complete,N/A,Wolverhampton Wanderers,Leeds United,N/A,5,0.00,0.00,0.20,0.75,1,3,4,4,1,3,"8","31,39,45",4,0,1,0,1,0,1,0,1,0,16,6,6,4,10,2,11,9,56,44,1.17,0.74,1.92,0.88,3.75,25,75,75,75,50,75,75,75,100,5.50,2.50,2.53,3.15,2.84,1.40,2.42,4.50,8.90,1.92,1.79,Molineux Stadium
1758376800,Sep 20 2025 - 2:00pm,complete,N/A,Burnley,Nottingham Forest,N/A,5,1.50,0.50,1.75,0.40,1,1,2,2,1,1,"20","2",4,5,1,0,1,0,1,0,0,1,12,17,5,8,7,9,12,11,37,63,0.60,0.83,1.42,2.13,2.00,25,75,25,0,0,0,50,50,100,5.50,3.00,2.98,3.30,2.15,1.30,1.95,3.42,6.75,1.75,1.95,Turf Moor
1758385800,Sep 20 2025 - 4:30pm,complete,N/A,Manchester United,Chelsea,N/A,5,1.50,2.00,2.40,1.75,2,1,3,2,2,0,"14,37","80",5,5,1,1,5,1,2,0,2,4,11,5,4,1,7,4,13,14,41,59,2.38,1.77,1.39,0.65,4.00,75,75,75,75,50,25,100,75,75,10.50,2.50,2.75,3.65,2.45,1.18,1.63,2.43,4.05,1.45,2.50,Old Trafford
1758394800,Sep 20 2025 - 7:00pm,complete,N/A,Fulham,Brentford,N/A,5,2.00,0.00,1.75,0.75,3,1,4,3,2,1,"38,40,50","20",2,10,4,0,1,0,1,3,0,1,14,8,3,3,11,5,11,13,53,47,1.21,0.98,1.34,1.04,2.50,75,75,50,25,0,25,25,50,100,10.50,3.00,2.00,3.60,3.65,1.30,1.80,3.40,6.55,1.75,1.94,Craven Cottage
1758459600,Sep 21 2025 - 1:00pm,complete,N/A,AFC Bournemouth,Newcastle United,N/A,5,3.00,1.00,2.60,0.75,0,0,0,0,0,0,"","",5,2,2,0,1,0,1,1,0,1,11,4,2,1,9,3,7,10,56,44,1.53,1.33,1.22,0.75,1.00,25,25,25,0,0,0,50,25,25,11.50,3.50,2.51,3.25,2.94,1.27,1.87,2.99,5.75,1.67,2.32,Vitality Stadium
1758459600,Sep 21 2025 - 1:00pm,complete,N/A,Sunderland,Aston Villa,N/A,5,3.00,0.50,2.50,1.25,1,1,2,0,0,0,"75","67",6,5,2,1,1,0,1,2,0,1,14,12,4,2,10,10,14,8,29,71,1.24,1.28,1.32,1.41,1.75,25,50,50,0,0,0,25,50,50,10.00,4.00,3.40,3.25,2.18,1.36,2.23,4.00,8.00,1.84,1.85,Stadium of Light
1758468600,Sep 21 2025 - 3:30pm,complete,N/A,Arsenal,Manchester City,N/A,5,3.00,1.50,2.60,1.40,1,1,2,1,0,1,"90'3","9",11,1,1,0,2,0,0,1,1,1,12,5,3,3,9,2,11,10,67,33,1.89,1.47,1.45,0.86,3.75,25,100,100,50,25,50,100,100,100,8.50,2.50,2.00,3.60,3.60,1.26,1.75,2.88,5.25,1.71,2.16,Emirates Stadium
1758972600,Sep 27 2025 - 11:30am,complete,N/A,Brentford,Manchester United,N/A,6,2.00,0.50,2.00,1.00,3,1,4,3,2,1,"8,20,90'5","26",4,2,2,0,2,0,0,2,0,2,10,14,8,6,2,8,14,10,44,56,0.98,1.27,1.48,1.56,2.50,50,75,50,25,0,0,75,75,75,8.50,2.50,3.25,3.75,2.10,1.20,1.61,2.54,4.60,1.53,2.30,N/A
1758981600,Sep 27 2025 - 2:00pm,complete,N/A,Manchester City,Burnley,N/A,6,1.50,0.00,2.25,0.60,5,1,6,2,1,1,"12,61,90,65,90'3","38",10,2,1,0,3,0,0,1,2,1,21,9,8,2,13,7,5,7,69,31,1.41,1.10,2.43,0.89,3.25,25,100,75,25,25,25,100,75,75,7.50,3.00,1.09,6.90,18.00,1.11,1.45,2.29,3.60,2.06,1.75,Etihad Stadium
1758981600,Sep 27 2025 - 2:00pm,complete,N/A,Crystal Palace,Liverpool,N/A,6,1.00,3.00,1.50,1.20,2,1,3,1,1,0,"9,90'7","87",2,6,1,0,3,0,0,1,1,2,16,20,7,4,9,16,10,8,28,72,1.36,1.80,1.69,1.99,2.00,50,50,25,25,25,0,50,25,75,10.00,4.50,3.85,3.70,1.85,1.22,1.67,2.78,5.00,1.62,2.20,Selhurst Park
1758981600,Sep 27 2025 - 2:00pm,complete,N/A,Chelsea,Brighton & Hove Albion,N/A,6,2.00,0.00,1.40,0.80,1,3,4,1,1,0,"24","77,90'10,90'2",5,7,3,1,5,0,1,3,1,4,13,12,3,3,10,9,9,16,60,40,1.76,1.15,1.32,1.35,1.75,25,75,25,0,0,0,75,25,75,11.50,5.50,1.85,3.70,3.75,1.17,1.66,2.40,4.75,1.57,2.30,N/A
1758981600,Sep 27 2025 - 2:00pm,complete,N/A,Leeds United,AFC Bournemouth,N/A,6,2.00,1.50,1.60,1.25,2,2,4,2,1,1,"54,37","26,90'3",7,4,2,0,2,0,0,2,1,1,19,12,8,5,11,7,12,13,41,59,1.49,1.56,2.05,1.58,2.00,25,25,25,25,25,0,50,25,50,13.50,3.50,2.80,3.00,2.47,1.30,2.06,3.45,6.50,1.73,2.05,Elland Road
1758990600,Sep 27 2025 - 4:30pm,complete,N/A,Nottingham Forest,Sunderland,N/A,6,1.50,0.50,0.75,1.40,0,1,1,1,0,1,"","38",7,4,4,0,2,0,2,2,2,0,22,11,6,3,16,8,11,6,65,35,1.47,0.88,2.48,1.11,2.25,25,75,50,25,0,25,25,50,75,10.00,1.50,1.64,3.75,4.50,1.30,1.95,3.34,6.10,1.85,1.85,The City Ground
1758999600,Sep 27 2025 - 7:00pm,complete,N/A,Tottenham Hotspur,Wolverhampton Wanderers,N/A,6,1.50,0.00,1.00,0.25,1,1,2,0,0,0,"90'4","54",10,9,3,0,2,0,1,2,2,0,10,9,3,3,7,6,9,11,51,49,1.27,0.86,1.37,0.98,1.50,0,25,25,0,0,0,100,25,25,6.50,5.00,1.48,4.70,6.00,1.27,1.68,2.90,5.60,1.75,1.95,N/A
1759064400,Sep 28 2025 - 1:00pm,complete,N/A,Aston Villa,Fulham,N/A,6,0.50,0.50,2.00,0.20,3,1,4,2,1,1,"49,37,51","3",2,8,1,0,4,0,1,0,3,1,9,11,4,4,5,7,10,13,48,52,1.12,1.04,1.11,1.39,1.75,25,75,25,0,0,0,50,50,75,10.00,5.00,2.30,3.00,3.05,1.33,2.08,3.70,7.50,1.75,1.95,N/A
1759073400,Sep 28 2025 - 3:30pm,complete,N/A,Newcastle United,Arsenal,N/A,6,1.50,1.50,1.80,2.25,1,2,3,1,1,0,"34","84,90'6",7,12,2,0,1,0,0,2,0,1,8,20,3,7,5,13,8,9,37,63,1.58,1.09,0.96,2.21,2.00,25,25,25,25,25,0,75,25,50,14.00,5.50,3.60,3.32,2.15,1.36,2.26,4.20,8.20,1.96,1.87,N/A
1759172400,Sep 29 2025 - 7:00pm,complete,N/A,Everton,West Ham United,N/A,6,2.00,1.50,1.60,0.80,1,1,2,1,1,0,"18","65",3,5,3,0,4,0,1,2,1,3,12,14,6,3,6,11,7,16,52,48,1.56,1.51,1.54,1.41,2.00,0,75,50,0,0,0,25,50,75,13.00,4.00,1.67,3.70,5.52,1.32,1.91,3.30,6.40,1.83,1.90,N/A
1759518000,Oct 03 2025 - 7:00pm,complete,N/A,AFC Bournemouth,Fulham,N/A,7,2.33,0.33,2.60,0.20,3,1,4,0,0,0,"78,84,90'6","70",4,3,0,0,1,0,0,0,0,1,11,12,6,4,5,8,8,10,54,46,1.42,1.15,1.64,1.41,2.00,50,67,33,17,0,17,67,50,67,10.67,5.33,1.95,3.55,3.45,1.29,2.06,3.28,5.95,1.80,1.95,Vitality Stadium
1759577400,Oct 04 2025 - 11:30am,complete,N/A,Leeds United,Tottenham Hotspur,N/A,7,1.67,2.33,1.60,2.60,1,2,3,2,1,1,"34","23,57",4,1,2,0,3,0,0,2,2,1,16,9,4,3,12,6,10,12,57,43,1.68,1.39,1.54,1.06,2.34,33,67,50,33,0,50,50,33,67,14.66,3.33,2.68,3.30,2.36,1.29,1.99,3.30,6.25,1.73,2.00,Elland Road
1759586400,Oct 04 2025 - 2:00pm,complete,N/A,Arsenal,West Ham United,N/A,7,2.33,1.33,2.60,0.80,2,0,2,1,1,0,"38,67","",8,3,0,0,2,0,0,0,0,2,21,4,5,0,16,4,14,14,68,32,1.75,1.48,2.19,0.44,3.00,33,100,67,17,17,17,67,67,100,13.33,2.34,1.23,6.80,16.00,1.15,1.50,2.33,3.78,2.16,1.63,Emirates Stadium
1759586400,Oct 04 2025 - 2:00pm,complete,N/A,Manchester United,Sunderland,N/A,7,2.00,1.33,2.40,1.40,2,0,2,2,2,0,"8,31","",2,3,1,0,4,0,0,1,2,2,15,8,6,3,9,5,10,12,50,50,2.05,0.95,1.65,1.03,2.00,34,50,34,17,17,17,67,33,50,8.33,2.66,1.50,4.60,6.00,1.19,1.66,2.57,4.55,1.77,1.95,Old Trafford
1759595400,Oct 04 2025 - 4:30pm,complete,N/A,Chelsea,Liverpool,N/A,7,1.33,2.00,1.40,1.20,2,1,3,1,1,0,"14,90'5","63",7,2,0,0,2,0,0,0,1,1,12,12,6,2,6,10,9,8,53,47,1.61,1.86,1.59,1.25,2.50,50,67,50,33,17,0,67,50,84,14.00,5.67,2.85,3.60,2.12,1.11,1.48,2.36,3.60,1.43,2.50,N/A
1759669200,Oct 05 2025 - 1:00pm,complete,N/A,Everton,Crystal Palace,N/A,7,1.67,2.33,1.60,1.40,2,1,3,1,0,1,"76,90'3","37",2,4,2,0,3,0,0,2,0,3,14,15,7,8,7,7,13,16,50,50,1.55,1.21,1.74,1.84,1.67,33,67,34,0,0,0,67,34,67,8.67,6.33,2.29,3.25,2.70,1.40,2.25,3.88,7.80,1.89,1.92,N/A
1759669200,Oct 05 2025 - 1:00pm,complete,N/A,Aston Villa,Burnley,N/A,7,1.33,0.00,2.00,0.60,2,1,3,1,1,0,"25,63","78",6,4,3,0,1,0,0,3,1,0,15,5,7,2,8,3,9,15,55,45,1.12,1.03,1.66,0.70,3.50,50,84,84,50,34,33,84,84,84,7.67,4.67,1.61,3.90,5.50,1.30,1.90,3.25,6.75,1.87,1.85,N/A
1759669200,Oct 05 2025 - 1:00pm,complete,N/A,Newcastle United,Nottingham Forest,N/A,7,1.00,0.67,1.80,0.40,2,0,2,0,0,0,"58,84","",8,1,0,0,4,0,0,0,2,2,18,5,9,4,9,1,16,15,51,49,1.38,1.27,2.20,0.87,2.67,67,84,50,17,17,17,100,50,67,11.34,4.00,1.55,4.30,4.80,1.25,1.74,2.57,4.45,1.81,2.00,N/A
1759669200,Oct 05 2025 - 1:00pm,complete,N/A,Wolverhampton Wanderers,Brighton & Hove Albion,N/A,7,0.00,1.00,0.20,0.80,1,1,2,1,1,0,"21","86",2,8,2,0,4,0,0,2,4,0,6,17,3,6,3,11,13,9,42,58,1.42,1.21,0.79,1.95,3.67,67,100,84,67,17,50,100,67,84,7.66,4.67,3.35,3.60,2.01,1.25,1.80,3.00,5.25,1.70,2.08,Molineux Stadium
1759678200,Oct 05 2025 - 3:30pm,complete,N/A,Brentford,Manchester City,N/A,7,2.33,1.33,2.00,1.40,0,1,1,1,0,1,"","9",3,2,3,0,2,0,1,2,0,2,6,10,1,4,5,6,10,6,30,70,1.15,1.26,0.72,1.25,3.00,67,84,67,50,0,33,100,50,84,6.34,4.00,5.00,4.10,1.65,1.18,1.57,2.57,4.45,1.62,2.15,N/A
1760787000,Oct 18 2025 - 11:30am,complete,N/A,Nottingham Forest,Chelsea,N/A,8,1.00,1.33,0.75,1.75,0,3,3,0,0,0,"","49,52,84",5,2,2,0,3,1,1,1,0,4,12,17,2,6,10,11,13,16,50,50,1.81,1.40,1.29,1.79,3.50,67,84,84,50,17,50,84,50,84,12.33,5.00,3.30,3.75,1.95,1.20,1.76,2.63,5.05,1.62,2.20,The City Ground
1760796000,Oct 18 2025 - 2:00pm,complete,N/A,Manchester City,Everton,N/A,8,2.00,1.00,2.25,0.75,2,0,2,0,0,0,"58,63","",11,3,0,0,2,0,0,0,1,1,19,5,7,1,12,4,8,14,71,29,1.75,1.06,2.21,0.58,3.34,50,84,67,33,33,67,84,50,84,9.00,2.67,1.45,4.70,6.75,1.20,1.68,2.70,5.00,1.91,1.95,Etihad Stadium
1760796000,Oct 18 2025 - 2:00pm,complete,N/A,Burnley,Leeds United,N/A,8,1.33,1.00,1.75,0.75,2,0,2,1,1,0,"18,68","",1,5,2,0,1,0,0,2,0,1,4,19,3,4,1,15,10,7,31,69,0.87,0.79,0.63,2.23,2.50,33,67,34,34,17,50,50,33,67,4.67,2.67,3.50,3.20,2.20,1.43,2.37,4.00,8.00,2.03,1.85,Turf Moor
1760796000,Oct 18 2025 - 2:00pm,complete,N/A,Crystal Palace,AFC Bournemouth,N/A,8,1.67,1.33,1.50,1.25,3,3,6,2,0,2,"90'7,64,69","89,7,38",6,5,1,0,4,0,0,1,2,2,20,8,7,5,13,3,8,16,52,48,1.47,1.57,2.29,1.16,2.67,67,67,50,34,17,17,84,50,67,9.00,4.34,2.20,3.00,3.05,1.30,1.80,3.02,6.50,1.67,2.26,Selhurst Park
1760796000,Oct 18 2025 - 2:00pm,complete,N/A,Brighton & Hove Albion,Newcastle United,N/A,8,1.67,1.00,2.00,0.75,2,1,3,1,1,0,"84,41","76",8,4,0,0,1,0,0,0,0,1,13,16,5,3,8,13,9,8,46,54,1.27,1.14,1.90,2.07,1.50,50,50,34,17,0,17,34,34,50,7.33,3.00,2.70,3.50,2.55,1.27,1.90,2.96,5.45,1.63,2.18,The American Express Community Stadium
1760796000,Oct 18 2025 - 2:00pm,complete,N/A,Sunderland,Wolverhampton Wanderers,N/A,8,2.33,0.33,2.50,0.25,2,0,2,1,1,0,"90'2,16","",2,2,0,0,0,0,0,0,0,0,8,16,2,3,6,13,5,12,41,59,1.27,0.90,1.05,1.79,2.00,50,67,34,0,0,0,34,67,67,10.00,5.66,2.53,3.05,3.03,1.50,2.50,4.50,10.00,1.95,1.77,Stadium of Light
1760805000,Oct 18 2025 - 4:30pm,complete,N/A,Fulham,Arsenal,N/A,8,2.33,2.00,1.75,2.25,0,1,1,0,0,0,"","58",6,10,0,0,0,0,0,0,0,0,9,16,0,5,9,11,11,4,37,63,1.25,1.46,0.82,1.90,2.00,50,50,33,17,0,17,50,33,84,12.67,4.33,7.00,4.00,1.42,1.31,2.00,3.44,6.60,2.05,1.63,Craven Cottage
1760878800,Oct 19 2025 - 1:00pm,complete,N/A,Tottenham Hotspur,Aston Villa,N/A,8,1.33,0.67,1.00,1.25,1,2,3,2,1,1,"5","37,77",6,6,2,0,0,0,1,1,0,0,10,8,3,2,7,6,11,7,53,47,1.30,1.32,1.25,0.95,1.50,33,50,17,0,0,0,50,50,50,11.00,3.67,2.07,3.56,3.40,1.28,1.89,3.16,5.75,1.65,2.21,N/A
1760887800,Oct 19 2025 - 3:30pm,complete,N/A,Liverpool,Manchester United,N/A,8,3.00,0.33,2.25,1.00,1,2,3,1,0,1,"78","2,84",9,4,0,0,2,0,0,0,0,2,19,12,6,4,13,8,8,14,64,36,1.51,1.37,2.14,1.25,3.17,67,84,67,33,17,33,67,50,100,8.67,2.67,1.60,4.00,4.60,1.14,1.48,2.19,3.60,1.50,2.45,Anfield
1760986800,Oct 20 2025 - 7:00pm,complete,N/A,West Ham United,Brentford,N/A,8,0.00,0.00,0.00,0.75,0,2,2,1,0,1,"","43,90'4",6,10,1,0,1,0,0,1,0,1,7,22,1,7,6,15,10,10,44,56,1.17,1.00,0.78,2.29,3.84,84,100,100,50,17,50,67,67,100,12.00,3.34,2.49,3.30,2.80,1.25,1.90,3.12,5.75,1.70,2.10,London Stadium
1761332400,Oct 24 2025 - 7:00pm,complete,N/A,Leeds United,West Ham United,N/A,9,1.25,1.00,1.60,0.80,2,1,3,2,2,0,"3,15","90",3,4,3,0,3,0,0,3,1,2,13,9,5,3,8,6,12,11,41,59,1.64,1.22,1.36,1.15,2.25,38,75,50,13,0,25,50,38,88,11.25,3.00,2.10,3.45,3.50,1.31,2.00,3.60,6.75,1.85,1.85,Elland Road
1761400800,Oct 25 2025 - 2:00pm,complete,N/A,Newcastle United,Fulham,N/A,9,1.50,0.25,1.80,0.20,2,1,3,1,1,0,"18,90","56",4,3,0,0,2,0,0,0,1,1,18,12,7,5,11,7,11,18,51,49,1.58,1.22,1.97,1.41,2.88,63,88,50,38,13,13,63,75,88,12.25,4.25,1.57,4.00,5.50,1.26,1.87,3.25,5.50,2.04,1.91,N/A
1761400800,Oct 25 2025 - 2:00pm,complete,N/A,Chelsea,Sunderland,N/A,9,1.75,1.00,1.40,1.40,1,2,3,2,1,1,"4","22,90'3",9,1,1,0,1,0,0,1,0,1,16,10,7,4,9,6,15,13,68,32,1.61,0.97,2.09,1.07,1.75,25,63,25,13,0,13,63,38,50,10.50,4.25,1.45,4.75,8.00,1.23,1.72,2.78,5.00,1.99,1.78,N/A
1761409800,Oct 25 2025 - 4:30pm,complete,N/A,Manchester United,Brighton & Hove Albion,N/A,9,2.25,1.00,2.40,0.80,4,2,6,2,2,0,"34,24,90'6,61","74,90'2",1,6,2,0,2,0,0,2,1,1,13,17,9,5,4,12,4,13,44,56,1.95,1.40,1.80,1.76,2.75,63,88,50,25,13,25,100,38,75,9.50,5.25,2.05,3.75,3.35,1.17,1.53,2.39,3.76,1.45,2.75,Old Trafford
1761418800,Oct 25 2025 - 7:00pm,complete,N/A,Brentford,Liverpool,N/A,9,1.75,1.50,2.00,1.20,3,2,5,3,2,1,"5,45,60","45'5,89",5,4,3,0,2,0,0,3,1,1,17,18,8,5,9,13,7,10,34,66,1.04,1.71,2.03,1.96,2.75,63,63,63,38,13,13,88,50,75,9.00,4.75,4.50,4.40,1.65,1.12,1.53,2.17,4.00,1.52,2.51,N/A
1761487200,Oct 26 2025 - 2:00pm,complete,N/A,Wolverhampton Wanderers,Burnley,N/A,9,0.25,0.00,0.20,0.60,2,3,5,4,2,2,"42,45'4","90'5,14,30",4,3,1,0,0,0,1,0,0,0,15,11,7,7,8,4,12,7,57,43,1.26,0.95,1.91,1.40,4.00,75,100,88,63,38,50,100,75,88,6.00,3.25,1.84,3.25,3.90,1.39,2.20,4.15,9.00,2.00,1.71,Molineux Stadium
1761487200,Oct 26 2025 - 2:00pm,complete,N/A,Aston Villa,Manchester City,N/A,9,1.75,1.75,2.00,1.40,1,0,1,1,1,0,"19","",5,6,1,0,4,0,0,1,1,3,9,18,3,4,6,14,8,16,47,53,1.25,1.26,1.00,1.91,2.50,50,75,63,25,0,25,88,63,75,7.75,4.25,4.20,3.85,1.77,1.21,1.72,2.67,5.00,1.68,2.24,N/A
1761487200,Oct 26 2025 - 2:00pm,complete,N/A,Arsenal,Crystal Palace,N/A,9,2.50,1.75,2.60,1.40,1,0,1,1,1,0,"39","",4,3,0,0,0,0,0,0,0,0,10,7,3,1,7,6,6,11,60,40,1.86,1.37,1.22,0.82,2.63,38,88,63,13,13,13,88,63,88,11.00,3.50,1.40,4.86,8.36,1.25,1.82,2.92,5.15,2.07,1.81,Emirates Stadium
1761487200,Oct 26 2025 - 2:00pm,complete,N/A,AFC Bournemouth,Nottingham Forest,N/A,9,2.50,0.50,2.60,0.40,2,0,2,2,2,0,"25,40","",6,4,3,0,1,0,1,2,1,0,13,8,5,4,8,4,17,7,52,48,1.48,1.17,1.51,1.07,2.13,50,75,38,13,0,13,63,50,63,8.25,4.00,1.86,3.59,4.00,1.26,1.85,3.36,6.40,1.75,2.00,Vitality Stadium
1761496200,Oct 26 2025 - 4:30pm,complete,N/A,Everton,Tottenham Hotspur,N/A,9,2.00,2.50,1.60,2.60,0,3,3,2,0,2,"","19,45'6,89",9,8,2,0,0,0,0,2,0,0,12,7,2,4,10,3,9,8,54,46,1.60,1.31,1.53,0.97,2.38,50,88,50,13,0,38,75,25,75,10.75,5.50,2.32,3.36,3.10,1.30,1.95,3.40,6.00,1.72,2.20,N/A
1762009200,Nov 01 2025 - 3:00pm,incomplete,N/A,Brighton & Hove Albion,Leeds United,N/A,10,2.00,0.75,2.00,0.75,0,0,0,0,0,0,"","",-1,-1,-1,-1,-1,-1,-1,-1,-1,-1,-1,-1,-1,-1,-1,-1,-1,-1,-1,-1,1.43,1.15,0.00,0.00,3.00,63,88,63,38,13,38,75,50,88,6.75,3.00,1.80,3.75,4.00,1.23,1.81,2.90,5.45,1.70,2.05,The American Express Community Stadium
1762009200,Nov 01 2025 - 3:00pm,incomplete,N/A,Crystal Palace,Brentford,N/A,10,1.50,0.75,1.50,0.75,0,0,0,0,0,0,"","",-1,-1,-1,-1,-1,-1,-1,-1,-1,-1,-1,-1,-1,-1,-1,-1,-1,-1,-1,-1,1.68,1.32,0.00,0.00,3.00,75,88,63,38,13,38,75,38,88,10.75,3.00,1.90,3.60,3.50,1.21,1.75,2.85,4.95,1.67,2.15,Selhurst Park
1762009200,Nov 01 2025 - 3:00pm,incomplete,N/A,Fulham,Wolverhampton Wanderers,N/A,10,1.75,0.25,1.75,0.25,0,0,0,0,0,0,"","",-1,-1,-1,-1,-1,-1,-1,-1,-1,-1,-1,-1,-1,-1,-1,-1,-1,-1,-1,-1,1.14,1.12,0.00,0.00,1.75,38,50,13,13,0,13,50,25,75,9.50,4.00,1.80,3.25,4.50,1.34,2.19,3.70,7.50,2.00,1.80,Craven Cottage
1762009200,Nov 01 2025 - 3:00pm,incomplete,N/A,Burnley,Arsenal,N/A,10,1.75,2.25,1.75,2.25,0,0,0,0,0,0,"","",-1,-1,-1,-1,-1,-1,-1,-1,-1,-1,-1,-1,-1,-1,-1,-1,-1,-1,-1,-1,0.81,1.57,0.00,0.00,1.63,25,50,13,0,0,13,50,25,75,11.00,3.00,9.50,5.50,1.30,1.21,1.76,2.82,5.60,2.10,1.60,Turf Moor
1762009200,Nov 01 2025 - 3:00pm,incomplete,N/A,Nottingham Forest,Manchester United,N/A,10,0.75,1.00,0.75,1.00,0,0,0,0,0,0,"","",-1,-1,-1,-1,-1,-1,-1,-1,-1,-1,-1,-1,-1,-1,-1,-1,-1,-1,-1,-1,1.68,1.34,0.00,0.00,2.88,50,88,75,25,0,25,63,63,88,10.50,3.00,3.43,3.70,2.10,1.22,1.73,2.70,4.95,1.61,2.20,The City Ground
1762018200,Nov 01 2025 - 5:30pm,incomplete,N/A,Tottenham Hotspur,Chelsea,N/A,10,1.00,1.75,1.00,1.75,0,0,0,0,0,0,"","",-1,-1,-1,-1,-1,-1,-1,-1,-1,-1,-1,-1,-1,-1,-1,-1,-1,-1,-1,-1,1.29,1.50,0.00,0.00,3.13,63,88,75,25,13,38,75,63,88,10.00,5.25,2.75,3.50,2.40,1.23,1.70,2.75,5.00,1.57,2.30,N/A
1762027200,Nov 01 2025 - 8:00pm,incomplete,N/A,Liverpool,Aston Villa,N/A,10,2.25,1.25,2.25,1.25,0,0,0,0,0,0,"","",-1,-1,-1,-1,-1,-1,-1,-1,-1,-1,-1,-1,-1,-1,-1,-1,-1,-1,-1,-1,1.67,1.23,0.00,0.00,2.38,63,63,50,13,13,25,63,38,75,11.50,2.75,1.55,4.60,5.00,1.11,1.50,2.35,4.20,1.57,2.25,Anfield
1762092000,Nov 02 2025 - 2:00pm,incomplete,N/A,West Ham United,Newcastle United,N/A,10,0.00,0.75,0.00,0.75,0,0,0,0,0,0,"","",-1,-1,-1,-1,-1,-1,-1,-1,-1,-1,-1,-1,-1,-1,-1,-1,-1,-1,-1,-1,1.07,1.37,0.00,0.00,2.13,38,63,50,13,13,13,50,50,63,10.00,2.50,5.00,4.38,1.66,1.22,1.86,2.85,5.40,1.73,2.05,London Stadium
1762101000,Nov 02 2025 - 4:30pm,incomplete,N/A,Manchester City,AFC Bournemouth,N/A,10,2.25,1.25,2.25,1.25,0,0,0,0,0,0,"","",-1,-1,-1,-1,-1,-1,-1,-1,-1,-1,-1,-1,-1,-1,-1,-1,-1,-1,-1,-1,1.86,1.46,0.00,0.00,3.75,50,88,63,50,38,50,88,75,75,13.50,3.50,1.48,4.70,6.10,1.11,1.58,2.35,3.88,1.67,2.10,Etihad Stadium
1762200000,Nov 03 2025 - 8:00pm,incomplete,N/A,Sunderland,Everton,N/A,10,2.50,0.75,2.50,0.75,0,0,0,0,0,0,"","",-1,-1,-1,-1,-1,-1,-1,-1,-1,-1,-1,-1,-1,-1,-1,-1,-1,-1,-1,-1,1.21,0.94,0.00,0.00,2.63,50,88,50,13,13,25,38,63,100,6.75,3.75,3.10,3.15,2.45,0.00,2.20,0.00,0.00,0.00,0.00,Stadium of Light
1762605000,Nov 08 2025 - 12:30pm,incomplete,N/A,Tottenham Hotspur,Manchester United,N/A,11,1.00,1.00,1.00,1.00,0,0,0,0,0,0,"","",-1,-1,-1,-1,-1,-1,-1,-1,-1,-1,-1,-1,-1,-1,-1,-1,-1,-1,-1,-1,1.29,1.34,0.00,0.00,2.63,63,88,63,13,0,25,75,63,88,9.50,3.00,2.45,3.92,2.49,0.00,1.57,0.00,0.00,0.00,0.00,N/A
1762614000,Nov 08 2025 - 3:00pm,incomplete,N/A,Everton,Fulham,N/A,11,1.60,0.20,1.60,0.20,0,0,0,0,0,0,"","",-1,-1,-1,-1,-1,-1,-1,-1,-1,-1,-1,-1,-1,-1,-1,-1,-1,-1,-1,-1,1.59,1.26,0.00,0.00,2.50,60,90,50,20,0,20,70,50,90,9.40,5.20,0.00,0.00,0.00,0.00,0.00,0.00,0.00,0.00,0.00,N/A
1762614000,Nov 08 2025 - 3:00pm,incomplete,N/A,West Ham United,Burnley,N/A,11,0.00,0.60,0.00,0.60,0,0,0,0,0,0,"","",-1,-1,-1,-1,-1,-1,-1,-1,-1,-1,-1,-1,-1,-1,-1,-1,-1,-1,-1,-1,1.07,1.04,0.00,0.00,3.95,65,100,88,43,43,33,88,78,100,8.75,3.30,0.00,0.00,0.00,0.00,0.00,0.00,0.00,0.00,0.00,London Stadium
1762623000,Nov 08 2025 - 5:30pm,incomplete,N/A,Sunderland,Arsenal,N/A,11,2.50,2.25,2.50,2.25,0,0,0,0,0,0,"","",-1,-1,-1,-1,-1,-1,-1,-1,-1,-1,-1,-1,-1,-1,-1,-1,-1,-1,-1,-1,1.21,1.57,0.00,0.00,2.00,38,63,38,0,0,0,38,50,88,12.50,3.50,6.70,4.50,1.42,0.00,1.90,0.00,0.00,0.00,0.00,Stadium of Light
1762632000,Nov 08 2025 - 8:00pm,incomplete,N/A,Chelsea,Wolverhampton Wanderers,N/A,11,1.40,0.25,1.40,0.25,0,0,0,0,0,0,"","",-1,-1,-1,-1,-1,-1,-1,-1,-1,-1,-1,-1,-1,-1,-1,-1,-1,-1,-1,-1,1.70,1.12,0.00,0.00,1.95,43,65,30,10,0,10,78,33,65,12.10,4.50,1.31,5.50,9.30,0.00,1.57,0.00,0.00,0.00,0.00,N/A
1762696800,Nov 09 2025 - 2:00pm,incomplete,N/A,Brentford,Newcastle United,N/A,11,2.00,0.75,2.00,0.75,0,0,0,0,0,0,"","",-1,-1,-1,-1,-1,-1,-1,-1,-1,-1,-1,-1,-1,-1,-1,-1,-1,-1,-1,-1,1.24,1.37,0.00,0.00,1.88,43,43,43,30,10,20,63,33,43,8.05,3.40,3.08,3.58,2.22,0.00,1.80,0.00,0.00,0.00,0.00,N/A
1762696800,Nov 09 2025 - 2:00pm,incomplete,N/A,Aston Villa,AFC Bournemouth,N/A,11,2.00,1.25,2.00,1.25,0,0,0,0,0,0,"","",-1,-1,-1,-1,-1,-1,-1,-1,-1,-1,-1,-1,-1,-1,-1,-1,-1,-1,-1,-1,1.20,1.46,0.00,0.00,3.23,58,68,68,48,25,35,90,68,68,11.20,5.00,2.07,3.48,3.54,0.00,1.80,0.00,0.00,0.00,0.00,N/A
1762696800,Nov 09 2025 - 2:00pm,incomplete,N/A,Crystal Palace,Brighton & Hove Albion,N/A,11,1.50,0.80,1.50,0.80,0,0,0,0,0,0,"","",-1,-1,-1,-1,-1,-1,-1,-1,-1,-1,-1,-1,-1,-1,-1,-1,-1,-1,-1,-1,1.68,1.47,0.00,0.00,3.08,78,88,55,33,23,23,88,55,88,8.90,5.10,2.25,3.77,3.09,0.00,1.72,0.00,0.00,0.00,0.00,Selhurst Park
1762696800,Nov 09 2025 - 2:00pm,incomplete,N/A,Nottingham Forest,Leeds United,N/A,11,0.75,0.75,0.75,0.75,0,0,0,0,0,0,"","",-1,-1,-1,-1,-1,-1,-1,-1,-1,-1,-1,-1,-1,-1,-1,-1,-1,-1,-1,-1,1.68,1.15,0.00,0.00,2.88,25,75,63,38,13,38,63,38,75,9.00,3.25,2.30,3.32,3.15,0.00,2.10,0.00,0.00,0.00,0.00,The City Ground
1762705800,Nov 09 2025 - 4:30pm,incomplete,N/A,Manchester City,Liverpool,N/A,11,2.25,1.20,2.25,1.20,0,0,0,0,0,0,"","",-1,-1,-1,-1,-1,-1,-1,-1,-1,-1,-1,-1,-1,-1,-1,-1,-1,-1,-1,-1,1.86,1.76,0.00,0.00,3.33,53,90,65,33,33,35,78,78,88,12.70,2.90,1.93,3.90,3.50,0.00,1.53,0.00,0.00,0.00,0.00,Etihad Stadium
1763814600,Nov 22 2025 - 12:30pm,incomplete,N/A,Burnley,Chelsea,N/A,12,1.75,1.75,1.75,1.75,0,0,0,0,0,0,"","",-1,-1,-1,-1,-1,-1,-1,-1,-1,-1,-1,-1,-1,-1,-1,-1,-1,-1,-1,-1,0.81,1.50,0.00,0.00,2.88,50,88,50,25,13,38,63,50,88,7.00,4.75,0.00,0.00,0.00,0.00,0.00,0.00,0.00,0.00,0.00,Turf Moor
1763823600,Nov 22 2025 - 3:00pm,incomplete,N/A,Wolverhampton Wanderers,Crystal Palace,N/A,12,0.20,1.40,0.20,1.40,0,0,0,0,0,0,"","",-1,-1,-1,-1,-1,-1,-1,-1,-1,-1,-1,-1,-1,-1,-1,-1,-1,-1,-1,-1,1.39,1.26,0.00,0.00,3.00,60,80,70,40,20,40,90,50,70,6.80,3.40,0.00,0.00,0.00,0.00,0.00,0.00,0.00,0.00,0.00,Molineux Stadium
1763823600,Nov 22 2025 - 3:00pm,incomplete,N/A,Brighton & Hove Albion,Brentford,N/A,12,2.00,0.75,2.00,0.75,0,0,0,0,0,0,"","",-1,-1,-1,-1,-1,-1,-1,-1,-1,-1,-1,-1,-1,-1,-1,-1,-1,-1,-1,-1,1.43,1.32,0.00,0.00,3.13,88,100,75,38,0,38,75,50,100,11.50,3.00,0.00,0.00,0.00,0.00,0.00,0.00,0.00,0.00,0.00,The American Express Community Stadium
1763823600,Nov 22 2025 - 3:00pm,incomplete,N/A,Fulham,Sunderland,N/A,12,1.75,1.40,1.75,1.40,0,0,0,0,0,0,"","",-1,-1,-1,-1,-1,-1,-1,-1,-1,-1,-1,-1,-1,-1,-1,-1,-1,-1,-1,-1,1.14,0.99,0.00,0.00,1.80,35,55,23,13,0,33,43,23,70,7.80,3.30,0.00,0.00,0.00,0.00,0.00,0.00,0.00,0.00,0.00,Craven Cottage
1763823600,Nov 22 2025 - 3:00pm,incomplete,N/A,Liverpool,Nottingham Forest,N/A,12,2.25,0.40,2.25,0.40,0,0,0,0,0,0,"","",-1,-1,-1,-1,-1,-1,-1,-1,-1,-1,-1,-1,-1,-1,-1,-1,-1,-1,-1,-1,1.67,1.15,0.00,0.00,2.73,58,88,48,13,13,33,78,45,80,8.95,3.25,0.00,0.00,0.00,0.00,0.00,0.00,0.00,0.00,0.00,Anfield
1763823600,Nov 22 2025 - 3:00pm,incomplete,N/A,AFC Bournemouth,West Ham United,N/A,12,2.60,0.80,2.60,0.80,0,0,0,0,0,0,"","",-1,-1,-1,-1,-1,-1,-1,-1,-1,-1,-1,-1,-1,-1,-1,-1,-1,-1,-1,-1,1.48,1.21,0.00,0.00,2.30,40,80,50,10,0,20,60,40,70,10.60,4.00,0.00,0.00,0.00,0.00,0.00,0.00,0.00,0.00,0.00,Vitality Stadium
1763832600,Nov 22 2025 - 5:30pm,incomplete,N/A,Newcastle United,Manchester City,N/A,12,1.80,1.40,1.80,1.40,0,0,0,0,0,0,"","",-1,-1,-1,-1,-1,-1,-1,-1,-1,-1,-1,-1,-1,-1,-1,-1,-1,-1,-1,-1,1.66,1.39,0.00,0.00,2.50,50,70,50,20,10,10,90,60,70,10.20,3.80,0.00,0.00,0.00,0.00,0.00,0.00,0.00,0.00,0.00,N/A
1763906400,Nov 23 2025 - 2:00pm,incomplete,N/A,Leeds United,Aston Villa,N/A,12,1.60,1.25,1.60,1.25,0,0,0,0,0,0,"","",-1,-1,-1,-1,-1,-1,-1,-1,-1,-1,-1,-1,-1,-1,-1,-1,-1,-1,-1,-1,1.59,1.23,0.00,0.00,1.85,55,55,43,10,0,43,55,23,65,10.95,3.10,0.00,0.00,0.00,0.00,0.00,0.00,0.00,0.00,0.00,Elland Road
1763915400,Nov 23 2025 - 4:30pm,incomplete,N/A,Arsenal,Tottenham Hotspur,N/A,12,2.60,2.60,2.60,2.60,0,0,0,0,0,0,"","",-1,-1,-1,-1,-1,-1,-1,-1,-1,-1,-1,-1,-1,-1,-1,-1,-1,-1,-1,-1,1.73,1.24,0.00,0.00,2.80,30,90,60,20,10,50,90,30,80,13.40,2.40,0.00,0.00,0.00,0.00,0.00,0.00,0.00,0.00,0.00,Emirates Stadium
1764014400,Nov 24 2025 - 8:00pm,incomplete,N/A,Manchester United,Everton,N/A,12,2.40,0.75,2.40,0.75,0,0,0,0,0,0,"","",-1,-1,-1,-1,-1,-1,-1,-1,-1,-1,-1,-1,-1,-1,-1,-1,-1,-1,-1,-1,1.92,0.94,0.00,0.00,3.08,55,78,55,33,33,55,75,45,80,6.35,3.40,0.00,0.00,0.00,0.00,0.00,0.00,0.00,0.00,0.00,Old Trafford
1764428400,Nov 29 2025 - 3:00pm,incomplete,N/A,Brentford,Burnley,N/A,13,2.00,0.60,2.00,0.60,0,0,0,0,0,0,"","",-1,-1,-1,-1,-1,-1,-1,-1,-1,-1,-1,-1,-1,-1,-1,-1,-1,-1,-1,-1,1.24,1.04,0.00,0.00,3.70,70,80,80,60,40,40,100,60,80,6.80,4.20,0.00,0.00,0.00,0.00,0.00,0.00,0.00,0.00,0.00,N/A
1764428400,Nov 29 2025 - 3:00pm,incomplete,N/A,Manchester City,Leeds United,N/A,13,2.25,0.75,2.25,0.75,0,0,0,0,0,0,"","",-1,-1,-1,-1,-1,-1,-1,-1,-1,-1,-1,-1,-1,-1,-1,-1,-1,-1,-1,-1,1.86,1.15,0.00,0.00,3.13,25,88,50,38,25,50,75,50,75,10.00,2.00,0.00,0.00,0.00,0.00,0.00,0.00,0.00,0.00,0.00,Etihad Stadium
1764428400,Nov 29 2025 - 3:00pm,incomplete,N/A,Sunderland,AFC Bournemouth,N/A,13,2.50,1.25,2.50,1.25,0,0,0,0,0,0,"","",-1,-1,-1,-1,-1,-1,-1,-1,-1,-1,-1,-1,-1,-1,-1,-1,-1,-1,-1,-1,1.21,1.46,0.00,0.00,3.38,63,88,63,38,25,25,63,75,88,10.00,4.75,0.00,0.00,0.00,0.00,0.00,0.00,0.00,0.00,0.00,Stadium of Light
1764437400,Nov 29 2025 - 5:30pm,incomplete,N/A,Everton,Newcastle United,N/A,13,1.60,0.75,1.60,0.75,0,0,0,0,0,0,"","",-1,-1,-1,-1,-1,-1,-1,-1,-1,-1,-1,-1,-1,-1,-1,-1,-1,-1,-1,-1,1.59,1.37,0.00,0.00,1.38,33,53,33,0,0,10,53,23,53,9.45,3.80,0.00,0.00,0.00,0.00,0.00,0.00,0.00,0.00,0.00,N/A
1764446400,Nov 29 2025 - 8:00pm,incomplete,N/A,Tottenham Hotspur,Fulham,N/A,13,1.00,0.20,1.00,0.20,0,0,0,0,0,0,"","",-1,-1,-1,-1,-1,-1,-1,-1,-1,-1,-1,-1,-1,-1,-1,-1,-1,-1,-1,-1,1.29,1.26,0.00,0.00,2.63,65,88,55,20,0,23,68,65,88,9.70,4.15,0.00,0.00,0.00,0.00,0.00,0.00,0.00,0.00,0.00,N/A
1764504000,Nov 30 2025 - 12:00pm,incomplete,N/A,Crystal Palace,Manchester United,N/A,13,1.50,1.00,1.50,1.00,0,0,0,0,0,0,"","",-1,-1,-1,-1,-1,-1,-1,-1,-1,-1,-1,-1,-1,-1,-1,-1,-1,-1,-1,-1,1.68,1.34,0.00,0.00,2.88,75,88,63,25,13,25,75,63,88,7.50,2.75,0.00,0.00,0.00,0.00,0.00,0.00,0.00,0.00,0.00,Selhurst Park
1764511500,Nov 30 2025 - 2:05pm,incomplete,N/A,Nottingham Forest,Brighton & Hove Albion,N/A,13,0.75,0.80,0.75,0.80,0,0,0,0,0,0,"","",-1,-1,-1,-1,-1,-1,-1,-1,-1,-1,-1,-1,-1,-1,-1,-1,-1,-1,-1,-1,1.68,1.47,0.00,0.00,3.08,53,88,68,33,10,23,75,55,88,11.90,5.35,0.00,0.00,0.00,0.00,0.00,0.00,0.00,0.00,0.00,The City Ground
1764511500,Nov 30 2025 - 2:05pm,incomplete,N/A,Aston Villa,Wolverhampton Wanderers,N/A,13,2.00,0.25,2.00,0.25,0,0,0,0,0,0,"","",-1,-1,-1,-1,-1,-1,-1,-1,-1,-1,-1,-1,-1,-1,-1,-1,-1,-1,-1,-1,1.20,1.12,0.00,0.00,1.85,33,55,30,10,0,10,78,43,55,9.70,4.50,0.00,0.00,0.00,0.00,0.00,0.00,0.00,0.00,0.00,N/A
1764511500,Nov 30 2025 - 2:05pm,incomplete,N/A,West Ham United,Liverpool,N/A,13,0.00,1.20,0.00,1.20,0,0,0,0,0,0,"","",-1,-1,-1,-1,-1,-1,-1,-1,-1,-1,-1,-1,-1,-1,-1,-1,-1,-1,-1,-1,1.07,1.76,0.00,0.00,3.45,65,90,78,33,33,23,78,78,100,10.95,3.90,0.00,0.00,0.00,0.00,0.00,0.00,0.00,0.00,0.00,London Stadium
1764520200,Nov 30 2025 - 4:30pm,incomplete,N/A,Chelsea,Arsenal,N/A,13,1.40,2.25,1.40,2.25,0,0,0,0,0,0,"","",-1,-1,-1,-1,-1,-1,-1,-1,-1,-1,-1,-1,-1,-1,-1,-1,-1,-1,-1,-1,1.70,1.57,0.00,0.00,1.95,43,53,43,10,0,10,65,33,78,16.10,3.75,0.00,0.00,0.00,0.00,0.00,0.00,0.00,0.00,0.00,N/A
1764703800,Dec 02 2025 - 7:30pm,incomplete,N/A,Fulham,Manchester City,N/A,14,1.75,1.40,1.75,1.40,0,0,0,0,0,0,"","",-1,-1,-1,-1,-1,-1,-1,-1,-1,-1,-1,-1,-1,-1,-1,-1,-1,-1,-1,-1,1.14,1.39,0.00,0.00,2.10,45,55,33,23,0,23,63,33,80,8.20,3.90,0.00,0.00,0.00,0.00,0.00,0.00,0.00,0.00,0.00,Craven Cottage
1764703800,Dec 02 2025 - 7:30pm,incomplete,N/A,AFC Bournemouth,Everton,N/A,14,2.60,0.75,2.60,0.75,0,0,0,0,0,0,"","",-1,-1,-1,-1,-1,-1,-1,-1,-1,-1,-1,-1,-1,-1,-1,-1,-1,-1,-1,-1,1.48,0.94,0.00,0.00,2.38,45,68,45,23,13,35,55,45,70,8.15,4.00,0.00,0.00,0.00,0.00,0.00,0.00,0.00,0.00,0.00,Vitality Stadium
1764706500,Dec 02 2025 - 8:15pm,incomplete,N/A,Newcastle United,Tottenham Hotspur,N/A,14,1.80,2.60,1.80,2.60,0,0,0,0,0,0,"","",-1,-1,-1,-1,-1,-1,-1,-1,-1,-1,-1,-1,-1,-1,-1,-1,-1,-1,-1,-1,1.66,1.24,0.00,0.00,2.90,50,90,70,20,10,40,80,50,80,13.80,3.40,0.00,0.00,0.00,0.00,0.00,0.00,0.00,0.00,0.00,N/A
1764790200,Dec 03 2025 - 7:30pm,incomplete,N/A,Arsenal,Brentford,N/A,14,2.60,0.75,2.60,0.75,0,0,0,0,0,0,"","",-1,-1,-1,-1,-1,-1,-1,-1,-1,-1,-1,-1,-1,-1,-1,-1,-1,-1,-1,-1,1.73,1.32,0.00,0.00,2.93,48,90,58,35,10,35,88,33,90,13.85,1.90,0.00,0.00,0.00,0.00,0.00,0.00,0.00,0.00,0.00,Emirates Stadium
1764790200,Dec 03 2025 - 7:30pm,incomplete,N/A,Brighton & Hove Albion,Aston Villa,N/A,14,2.00,1.25,2.00,1.25,0,0,0,0,0,0,"","",-1,-1,-1,-1,-1,-1,-1,-1,-1,-1,-1,-1,-1,-1,-1,-1,-1,-1,-1,-1,1.43,1.23,0.00,0.00,2.25,75,75,50,13,0,25,63,50,75,10.00,3.00,0.00,0.00,0.00,0.00,0.00,0.00,0.00,0.00,0.00,The American Express Community Stadium
1764790200,Dec 03 2025 - 7:30pm,incomplete,N/A,Wolverhampton Wanderers,Nottingham Forest,N/A,14,0.20,0.40,0.20,0.40,0,0,0,0,0,0,"","",-1,-1,-1,-1,-1,-1,-1,-1,-1,-1,-1,-1,-1,-1,-1,-1,-1,-1,-1,-1,1.39,1.15,0.00,0.00,3.10,60,100,50,40,20,60,90,40,70,6.40,3.00,0.00,0.00,0.00,0.00,0.00,0.00,0.00,0.00,0.00,Molineux Stadium
1764790200,Dec 03 2025 - 7:30pm,incomplete,N/A,Burnley,Crystal Palace,N/A,14,1.75,1.40,1.75,1.40,0,0,0,0,0,0,"","",-1,-1,-1,-1,-1,-1,-1,-1,-1,-1,-1,-1,-1,-1,-1,-1,-1,-1,-1,-1,0.81,1.26,0.00,0.00,1.88,33,68,30,0,0,13,65,43,68,6.10,3.65,0.00,0.00,0.00,0.00,0.00,0.00,0.00,0.00,0.00,Turf Moor
1764792900,Dec 03 2025 - 8:15pm,incomplete,N/A,Liverpool,Sunderland,N/A,14,2.25,1.40,2.25,1.40,0,0,0,0,0,0,"","",-1,-1,-1,-1,-1,-1,-1,-1,-1,-1,-1,-1,-1,-1,-1,-1,-1,-1,-1,-1,1.67,0.99,0.00,0.00,2.43,48,68,48,13,13,33,68,35,70,8.55,3.05,0.00,0.00,0.00,0.00,0.00,0.00,0.00,0.00,0.00,Anfield
1764792900,Dec 03 2025 - 8:15pm,incomplete,N/A,Leeds United,Chelsea,N/A,14,1.60,1.75,1.60,1.75,0,0,0,0,0,0,"","",-1,-1,-1,-1,-1,-1,-1,-1,-1,-1,-1,-1,-1,-1,-1,-1,-1,-1,-1,-1,1.59,1.50,0.00,0.00,3.10,68,80,80,35,13,55,68,48,90,9.70,5.10,0.00,0.00,0.00,0.00,0.00,0.00,0.00,0.00,0.00,Elland Road
1764878400,Dec 04 2025 - 8:00pm,incomplete,N/A,Manchester United,West Ham United,N/A,14,2.40,0.80,2.40,0.80,0,0,0,0,0,0,"","",-1,-1,-1,-1,-1,-1,-1,-1,-1,-1,-1,-1,-1,-1,-1,-1,-1,-1,-1,-1,1.92,1.21,0.00,0.00,3.00,50,90,60,20,20,40,80,40,80,8.80,3.40,0.00,0.00,0.00,0.00,0.00,0.00,0.00,0.00,0.00,Old Trafford
1765022400,Dec 06 2025 - 12:00pm,incomplete,N/A,Manchester City,Sunderland,N/A,15,2.25,1.40,2.25,1.40,0,0,0,0,0,0,"","",-1,-1,-1,-1,-1,-1,-1,-1,-1,-1,-1,-1,-1,-1,-1,-1,-1,-1,-1,-1,1.86,0.99,0.00,0.00,2.43,23,80,35,13,13,45,68,48,58,10.30,2.30,0.00,0.00,0.00,0.00,0.00,0.00,0.00,0.00,0.00,Etihad Stadium
1765024200,Dec 06 2025 - 12:30pm,incomplete,N/A,Aston Villa,Arsenal,N/A,15,2.00,2.25,2.00,2.25,0,0,0,0,0,0,"","",-1,-1,-1,-1,-1,-1,-1,-1,-1,-1,-1,-1,-1,-1,-1,-1,-1,-1,-1,-1,1.20,1.57,0.00,0.00,1.85,33,43,43,10,0,10,65,43,68,13.70,3.75,0.00,0.00,0.00,0.00,0.00,0.00,0.00,0.00,0.00,N/A
1765033200,Dec 06 2025 - 3:00pm,incomplete,N/A,AFC Bournemouth,Chelsea,N/A,15,2.60,1.75,2.60,1.75,0,0,0,0,0,0,"","",-1,-1,-1,-1,-1,-1,-1,-1,-1,-1,-1,-1,-1,-1,-1,-1,-1,-1,-1,-1,1.48,1.50,0.00,0.00,3.00,58,80,70,35,13,35,68,58,70,9.90,5.50,0.00,0.00,0.00,0.00,0.00,0.00,0.00,0.00,0.00,Vitality Stadium
1765033200,Dec 06 2025 - 3:00pm,incomplete,N/A,Everton,Nottingham Forest,N/A,15,1.60,0.40,1.60,0.40,0,0,0,0,0,0,"","",-1,-1,-1,-1,-1,-1,-1,-1,-1,-1,-1,-1,-1,-1,-1,-1,-1,-1,-1,-1,1.59,1.15,0.00,0.00,2.10,40,90,30,0,0,30,80,30,70,8.40,4.80,0.00,0.00,0.00,0.00,0.00,0.00,0.00,0.00,0.00,N/A
1765033200,Dec 06 2025 - 3:00pm,incomplete,N/A,Tottenham Hotspur,Brentford,N/A,15,1.00,0.75,1.00,0.75,0,0,0,0,0,0,"","",-1,-1,-1,-1,-1,-1,-1,-1,-1,-1,-1,-1,-1,-1,-1,-1,-1,-1,-1,-1,1.29,1.32,0.00,0.00,2.75,63,88,63,25,0,38,75,38,88,12.75,3.25,0.00,0.00,0.00,0.00,0.00,0.00,0.00,0.00,0.00,N/A
1765033200,Dec 06 2025 - 3:00pm,incomplete,N/A,Newcastle United,Burnley,N/A,15,1.80,0.60,1.80,0.60,0,0,0,0,0,0,"","",-1,-1,-1,-1,-1,-1,-1,-1,-1,-1,-1,-1,-1,-1,-1,-1,-1,-1,-1,-1,1.66,1.04,0.00,0.00,3.60,70,90,80,40,40,20,90,80,90,10.00,3.20,0.00,0.00,0.00,0.00,0.00,0.00,0.00,0.00,0.00,N/A
1765042200,Dec 06 2025 - 5:30pm,incomplete,N/A,Leeds United,Liverpool,N/A,15,1.60,1.20,1.60,1.20,0,0,0,0,0,0,"","",-1,-1,-1,-1,-1,-1,-1,-1,-1,-1,-1,-1,-1,-1,-1,-1,-1,-1,-1,-1,1.59,1.76,0.00,0.00,2.80,70,70,70,30,20,40,70,50,90,10.40,4.00,0.00,0.00,0.00,0.00,0.00,0.00,0.00,0.00,0.00,Elland Road
1765116000,Dec 07 2025 - 2:00pm,incomplete,N/A,Brighton & Hove Albion,West Ham United,N/A,15,2.00,0.80,2.00,0.80,0,0,0,0,0,0,"","",-1,-1,-1,-1,-1,-1,-1,-1,-1,-1,-1,-1,-1,-1,-1,-1,-1,-1,-1,-1,1.43,1.21,0.00,0.00,2.80,70,100,68,13,0,23,68,58,100,9.45,3.50,0.00,0.00,0.00,0.00,0.00,0.00,0.00,0.00,0.00,The American Express Community Stadium
1765125000,Dec 07 2025 - 4:30pm,incomplete,N/A,Fulham,Crystal Palace,N/A,15,1.75,1.40,1.75,1.40,0,0,0,0,0,0,"","",-1,-1,-1,-1,-1,-1,-1,-1,-1,-1,-1,-1,-1,-1,-1,-1,-1,-1,-1,-1,1.14,1.26,0.00,0.00,2.00,45,55,43,13,0,13,53,43,80,8.60,3.90,0.00,0.00,0.00,0.00,0.00,0.00,0.00,0.00,0.00,Craven Cottage
1765224000,Dec 08 2025 - 8:00pm,incomplete,N/A,Wolverhampton Wanderers,Manchester United,N/A,15,0.20,1.00,0.20,1.00,0,0,0,0,0,0,"","",-1,-1,-1,-1,-1,-1,-1,-1,-1,-1,-1,-1,-1,-1,-1,-1,-1,-1,-1,-1,1.39,1.34,0.00,0.00,3.50,78,100,78,53,20,53,88,58,90,7.20,2.25,0.00,0.00,0.00,0.00,0.00,0.00,0.00,0.00,0.00,Molineux Stadium
1765638000,Dec 13 2025 - 3:00pm,incomplete,N/A,Chelsea,Everton,N/A,16,1.40,0.75,1.40,0.75,0,0,0,0,0,0,"","",-1,-1,-1,-1,-1,-1,-1,-1,-1,-1,-1,-1,-1,-1,-1,-1,-1,-1,-1,-1,1.70,0.94,0.00,0.00,2.58,55,78,55,23,13,35,65,45,90,10.35,4.00,0.00,0.00,0.00,0.00,0.00,0.00,0.00,0.00,0.00,N/A
1765638000,Dec 13 2025 - 3:00pm,incomplete,N/A,Liverpool,Brighton & Hove Albion,N/A,16,2.25,0.80,2.25,0.80,0,0,0,0,0,0,"","",-1,-1,-1,-1,-1,-1,-1,-1,-1,-1,-1,-1,-1,-1,-1,-1,-1,-1,-1,-1,1.67,1.47,0.00,0.00,3.33,78,88,68,33,23,23,88,55,100,11.15,4.85,0.00,0.00,0.00,0.00,0.00,0.00,0.00,0.00,0.00,Anfield
1765638000,Dec 13 2025 - 3:00pm,incomplete,N/A,Manchester United,AFC Bournemouth,N/A,16,2.40,1.25,2.40,1.25,0,0,0,0,0,0,"","",-1,-1,-1,-1,-1,-1,-1,-1,-1,-1,-1,-1,-1,-1,-1,-1,-1,-1,-1,-1,1.92,1.46,0.00,0.00,3.83,68,78,68,58,45,55,100,58,68,9.60,4.40,0.00,0.00,0.00,0.00,0.00,0.00,0.00,0.00,0.00,Old Trafford
1765647000,Dec 13 2025 - 5:30pm,incomplete,N/A,Burnley,Fulham,N/A,16,1.75,0.20,1.75,0.20,0,0,0,0,0,0,"","",-1,-1,-1,-1,-1,-1,-1,-1,-1,-1,-1,-1,-1,-1,-1,-1,-1,-1,-1,-1,0.81,1.26,0.00,0.00,2.38,53,88,30,20,0,23,55,53,88,6.70,3.65,0.00,0.00,0.00,0.00,0.00,0.00,0.00,0.00,0.00,Turf Moor
1765656000,Dec 13 2025 - 8:00pm,incomplete,N/A,Arsenal,Wolverhampton Wanderers,N/A,16,2.60,0.25,2.60,0.25,0,0,0,0,0,0,"","",-1,-1,-1,-1,-1,-1,-1,-1,-1,-1,-1,-1,-1,-1,-1,-1,-1,-1,-1,-1,1.73,1.12,0.00,0.00,2.05,23,65,20,10,10,10,88,33,65,11.10,2.90,0.00,0.00,0.00,0.00,0.00,0.00,0.00,0.00,0.00,Emirates Stadium
1765720800,Dec 14 2025 - 2:00pm,incomplete,N/A,Crystal Palace,Manchester City,N/A,16,1.50,1.40,1.50,1.40,0,0,0,0,0,0,"","",-1,-1,-1,-1,-1,-1,-1,-1,-1,-1,-1,-1,-1,-1,-1,-1,-1,-1,-1,-1,1.68,1.39,0.00,0.00,2.48,58,68,45,23,13,23,88,45,68,6.70,3.90,0.00,0.00,0.00,0.00,0.00,0.00,0.00,0.00,0.00,Selhurst Park
1765720800,Dec 14 2025 - 2:00pm,incomplete,N/A,Nottingham Forest,Tottenham Hotspur,N/A,16,0.75,2.60,0.75,2.60,0,0,0,0,0,0,"","",-1,-1,-1,-1,-1,-1,-1,-1,-1,-1,-1,-1,-1,-1,-1,-1,-1,-1,-1,-1,1.68,1.24,0.00,0.00,2.88,33,88,78,23,0,53,65,35,78,13.30,3.75,0.00,0.00,0.00,0.00,0.00,0.00,0.00,0.00,0.00,The City Ground
1765720800,Dec 14 2025 - 2:00pm,incomplete,N/A,Sunderland,Newcastle United,N/A,16,2.50,0.75,2.50,0.75,0,0,0,0,0,0,"","",-1,-1,-1,-1,-1,-1,-1,-1,-1,-1,-1,-1,-1,-1,-1,-1,-1,-1,-1,-1,1.21,1.37,0.00,0.00,1.63,38,63,38,0,0,0,25,50,63,8.25,2.75,0.00,0.00,0.00,0.00,0.00,0.00,0.00,0.00,0.00,Stadium of Light
1765720800,Dec 14 2025 - 2:00pm,incomplete,N/A,West Ham United,Aston Villa,N/A,16,0.00,1.25,0.00,1.25,0,0,0,0,0,0,"","",-1,-1,-1,-1,-1,-1,-1,-1,-1,-1,-1,-1,-1,-1,-1,-1,-1,-1,-1,-1,1.07,1.23,0.00,0.00,2.50,50,75,50,13,13,25,63,50,75,11.50,3.00,0.00,0.00,0.00,0.00,0.00,0.00,0.00,0.00,0.00,London Stadium
1765729800,Dec 14 2025 - 4:30pm,incomplete,N/A,Brentford,Leeds United,N/A,16,2.00,0.75,2.00,0.75,0,0,0,0,0,0,"","",-1,-1,-1,-1,-1,-1,-1,-1,-1,-1,-1,-1,-1,-1,-1,-1,-1,-1,-1,-1,1.24,1.15,0.00,0.00,3.00,43,68,55,55,23,45,88,33,68,6.30,3.90,0.00,0.00,0.00,0.00,0.00,0.00,0.00,0.00,0.00,N/A
1766233800,Dec 20 2025 - 12:30pm,incomplete,N/A,Newcastle United,Chelsea,N/A,17,1.80,1.75,1.80,1.75,0,0,0,0,0,0,"","",-1,-1,-1,-1,-1,-1,-1,-1,-1,-1,-1,-1,-1,-1,-1,-1,-1,-1,-1,-1,1.66,1.50,0.00,0.00,3.40,68,90,80,35,23,25,78,78,90,11.50,4.90,0.00,0.00,0.00,0.00,0.00,0.00,0.00,0.00,0.00,N/A
1766242800,Dec 20 2025 - 3:00pm,incomplete,N/A,Wolverhampton Wanderers,Brentford,N/A,17,0.20,0.75,0.20,0.75,0,0,0,0,0,0,"","",-1,-1,-1,-1,-1,-1,-1,-1,-1,-1,-1,-1,-1,-1,-1,-1,-1,-1,-1,-1,1.39,1.32,0.00,0.00,3.63,78,100,78,65,20,65,88,33,90,10.45,2.50,0.00,0.00,0.00,0.00,0.00,0.00,0.00,0.00,0.00,Molineux Stadium
1766242800,Dec 20 2025 - 3:00pm,incomplete,N/A,AFC Bournemouth,Burnley,N/A,17,2.60,0.60,2.60,0.60,0,0,0,0,0,0,"","",-1,-1,-1,-1,-1,-1,-1,-1,-1,-1,-1,-1,-1,-1,-1,-1,-1,-1,-1,-1,1.48,1.04,0.00,0.00,3.20,60,80,70,40,30,30,80,60,70,8.40,3.80,0.00,0.00,0.00,0.00,0.00,0.00,0.00,0.00,0.00,Vitality Stadium
1766242800,Dec 20 2025 - 3:00pm,incomplete,N/A,Manchester City,West Ham United,N/A,17,2.25,0.80,2.25,0.80,0,0,0,0,0,0,"","",-1,-1,-1,-1,-1,-1,-1,-1,-1,-1,-1,-1,-1,-1,-1,-1,-1,-1,-1,-1,1.86,1.21,0.00,0.00,2.93,33,100,55,13,13,35,68,58,88,12.70,2.50,0.00,0.00,0.00,0.00,0.00,0.00,0.00,0.00,0.00,Etihad Stadium
1766242800,Dec 20 2025 - 3:00pm,incomplete,N/A,Brighton & Hove Albion,Sunderland,N/A,17,2.00,1.40,2.00,1.40,0,0,0,0,0,0,"","",-1,-1,-1,-1,-1,-1,-1,-1,-1,-1,-1,-1,-1,-1,-1,-1,-1,-1,-1,-1,1.43,0.99,0.00,0.00,2.30,60,80,48,13,0,33,68,48,70,7.05,3.30,0.00,0.00,0.00,0.00,0.00,0.00,0.00,0.00,0.00,The American Express Community Stadium
1766251800,Dec 20 2025 - 5:30pm,incomplete,N/A,Tottenham Hotspur,Liverpool,N/A,17,1.00,1.20,1.00,1.20,0,0,0,0,0,0,"","",-1,-1,-1,-1,-1,-1,-1,-1,-1,-1,-1,-1,-1,-1,-1,-1,-1,-1,-1,-1,1.29,1.76,0.00,0.00,2.83,65,78,65,20,20,23,78,65,88,10.70,4.15,0.00,0.00,0.00,0.00,0.00,0.00,0.00,0.00,0.00,N/A
1766325600,Dec 21 2025 - 2:00pm,incomplete,N/A,Leeds United,Crystal Palace,N/A,17,1.60,1.40,1.60,1.40,0,0,0,0,0,0,"","",-1,-1,-1,-1,-1,-1,-1,-1,-1,-1,-1,-1,-1,-1,-1,-1,-1,-1,-1,-1,1.59,1.26,0.00,0.00,2.10,50,60,60,10,0,30,70,40,70,8.80,4.00,0.00,0.00,0.00,0.00,0.00,0.00,0.00,0.00,0.00,Elland Road
1766325600,Dec 21 2025 - 2:00pm,incomplete,N/A,Everton,Arsenal,N/A,17,1.60,2.25,1.60,2.25,0,0,0,0,0,0,"","",-1,-1,-1,-1,-1,-1,-1,-1,-1,-1,-1,-1,-1,-1,-1,-1,-1,-1,-1,-1,1.59,1.57,0.00,0.00,1.75,33,53,33,0,0,10,65,23,78,13.70,4.55,0.00,0.00,0.00,0.00,0.00,0.00,0.00,0.00,0.00,N/A
1766334600,Dec 21 2025 - 4:30pm,incomplete,N/A,Aston Villa,Manchester United,N/A,17,2.00,1.00,2.00,1.00,0,0,0,0,0,0,"","",-1,-1,-1,-1,-1,-1,-1,-1,-1,-1,-1,-1,-1,-1,-1,-1,-1,-1,-1,-1,1.20,1.34,0.00,0.00,2.60,58,80,68,23,0,23,78,68,80,9.20,3.25,0.00,0.00,0.00,0.00,0.00,0.00,0.00,0.00,0.00,N/A
1766433600,Dec 22 2025 - 8:00pm,incomplete,N/A,Fulham,Nottingham Forest,N/A,17,1.75,0.40,1.75,0.40,0,0,0,0,0,0,"","",-1,-1,-1,-1,-1,-1,-1,-1,-1,-1,-1,-1,-1,-1,-1,-1,-1,-1,-1,-1,1.14,1.15,0.00,0.00,2.10,45,75,23,13,0,33,53,33,80,8.20,3.50,0.00,0.00,0.00,0.00,0.00,0.00,0.00,0.00,0.00,Craven Cottage
1766847600,Dec 27 2025 - 3:00pm,incomplete,N/A,Chelsea,Aston Villa,N/A,18,1.40,1.25,1.40,1.25,0,0,0,0,0,0,"","",-1,-1,-1,-1,-1,-1,-1,-1,-1,-1,-1,-1,-1,-1,-1,-1,-1,-1,-1,-1,1.70,1.23,0.00,0.00,1.95,55,65,43,10,0,23,65,33,65,13.35,3.50,0.00,0.00,0.00,0.00,0.00,0.00,0.00,0.00,0.00,N/A
1766847600,Dec 27 2025 - 3:00pm,incomplete,N/A,Nottingham Forest,Manchester City,N/A,18,0.75,1.40,0.75,1.40,0,0,0,0,0,0,"","",-1,-1,-1,-1,-1,-1,-1,-1,-1,-1,-1,-1,-1,-1,-1,-1,-1,-1,-1,-1,1.68,1.39,0.00,0.00,2.48,33,68,58,23,0,23,75,45,68,9.70,4.15,0.00,0.00,0.00,0.00,0.00,0.00,0.00,0.00,0.00,The City Ground
1766847600,Dec 27 2025 - 3:00pm,incomplete,N/A,Burnley,Everton,N/A,18,1.75,0.75,1.75,0.75,0,0,0,0,0,0,"","",-1,-1,-1,-1,-1,-1,-1,-1,-1,-1,-1,-1,-1,-1,-1,-1,-1,-1,-1,-1,0.81,0.94,0.00,0.00,2.25,38,75,25,13,13,38,50,38,88,5.25,3.25,0.00,0.00,0.00,0.00,0.00,0.00,0.00,0.00,0.00,Turf Moor
1766847600,Dec 27 2025 - 3:00pm,incomplete,N/A,Liverpool,Wolverhampton Wanderers,N/A,18,2.25,0.25,2.25,0.25,0,0,0,0,0,0,"","",-1,-1,-1,-1,-1,-1,-1,-1,-1,-1,-1,-1,-1,-1,-1,-1,-1,-1,-1,-1,1.67,1.12,0.00,0.00,2.38,50,63,38,13,13,13,75,38,75,10.25,3.75,0.00,0.00,0.00,0.00,0.00,0.00,0.00,0.00,0.00,Anfield
1766847600,Dec 27 2025 - 3:00pm,incomplete,N/A,Crystal Palace,Tottenham Hotspur,N/A,18,1.50,2.60,1.50,2.60,0,0,0,0,0,0,"","",-1,-1,-1,-1,-1,-1,-1,-1,-1,-1,-1,-1,-1,-1,-1,-1,-1,-1,-1,-1,1.68,1.24,0.00,0.00,2.88,58,88,65,23,13,53,78,35,78,10.30,3.50,0.00,0.00,0.00,0.00,0.00,0.00,0.00,0.00,0.00,Selhurst Park
1766847600,Dec 27 2025 - 3:00pm,incomplete,N/A,Manchester United,Newcastle United,N/A,18,2.40,0.75,2.40,0.75,0,0,0,0,0,0,"","",-1,-1,-1,-1,-1,-1,-1,-1,-1,-1,-1,-1,-1,-1,-1,-1,-1,-1,-1,-1,1.92,1.37,0.00,0.00,2.08,43,53,43,20,20,30,63,33,43,7.85,2.40,0.00,0.00,0.00,0.00,0.00,0.00,0.00,0.00,0.00,Old Trafford
1766847600,Dec 27 2025 - 3:00pm,incomplete,N/A,West Ham United,Fulham,N/A,18,0.00,0.20,0.00,0.20,0,0,0,0,0,0,"","",-1,-1,-1,-1,-1,-1,-1,-1,-1,-1,-1,-1,-1,-1,-1,-1,-1,-1,-1,-1,1.07,1.26,0.00,0.00,3.25,65,100,68,33,13,23,68,78,100,9.95,3.90,0.00,0.00,0.00,0.00,0.00,0.00,0.00,0.00,0.00,London Stadium
1766847600,Dec 27 2025 - 3:00pm,incomplete,N/A,Arsenal,Brighton & Hove Albion,N/A,18,2.60,0.80,2.60,0.80,0,0,0,0,0,0,"","",-1,-1,-1,-1,-1,-1,-1,-1,-1,-1,-1,-1,-1,-1,-1,-1,-1,-1,-1,-1,1.73,1.47,0.00,0.00,3.00,50,90,50,30,20,20,100,50,90,12.00,4.00,0.00,0.00,0.00,0.00,0.00,0.00,0.00,0.00,0.00,Emirates Stadium
1766847600,Dec 27 2025 - 3:00pm,incomplete,N/A,Sunderland,Leeds United,N/A,18,2.50,0.75,2.50,0.75,0,0,0,0,0,0,"","",-1,-1,-1,-1,-1,-1,-1,-1,-1,-1,-1,-1,-1,-1,-1,-1,-1,-1,-1,-1,1.21,1.15,0.00,0.00,2.75,38,88,50,25,13,25,50,50,88,6.50,3.25,0.00,0.00,0.00,0.00,0.00,0.00,0.00,0.00,0.00,Stadium of Light
1766847600,Dec 27 2025 - 3:00pm,incomplete,N/A,Brentford,AFC Bournemouth,N/A,18,2.00,1.25,2.00,1.25,0,0,0,0,0,0,"","",-1,-1,-1,-1,-1,-1,-1,-1,-1,-1,-1,-1,-1,-1,-1,-1,-1,-1,-1,-1,1.24,1.46,0.00,0.00,3.63,68,68,68,68,35,45,100,58,68,9.80,5.40,0.00,0.00,0.00,0.00,0.00,0.00,0.00,0.00,0.00,N/A
1767124800,Dec 30 2025 - 8:00pm,incomplete,N/A,Arsenal,Aston Villa,N/A,19,2.60,1.25,2.60,1.25,0,0,0,0,0,0,"","",-1,-1,-1,-1,-1,-1,-1,-1,-1,-1,-1,-1,-1,-1,-1,-1,-1,-1,-1,-1,1.73,1.23,0.00,0.00,2.05,35,65,33,10,10,23,75,33,65,12.35,1.90,0.00,0.00,0.00,0.00,0.00,0.00,0.00,0.00,0.00,Emirates Stadium
1767124800,Dec 30 2025 - 8:00pm,incomplete,N/A,Nottingham Forest,Everton,N/A,19,0.75,0.75,0.75,0.75,0,0,0,0,0,0,"","",-1,-1,-1,-1,-1,-1,-1,-1,-1,-1,-1,-1,-1,-1,-1,-1,-1,-1,-1,-1,1.68,0.94,0.00,0.00,2.75,38,75,63,25,13,38,50,50,88,9.25,3.75,0.00,0.00,0.00,0.00,0.00,0.00,0.00,0.00,0.00,The City Ground
1767124800,Dec 30 2025 - 8:00pm,incomplete,N/A,Sunderland,Manchester City,N/A,19,2.50,1.40,2.50,1.40,0,0,0,0,0,0,"","",-1,-1,-1,-1,-1,-1,-1,-1,-1,-1,-1,-1,-1,-1,-1,-1,-1,-1,-1,-1,1.21,1.39,0.00,0.00,2.35,45,80,45,10,0,10,63,58,80,7.20,4.15,0.00,0.00,0.00,0.00,0.00,0.00,0.00,0.00,0.00,Stadium of Light
1767124800,Dec 30 2025 - 8:00pm,incomplete,N/A,West Ham United,Brighton & Hove Albion,N/A,19,0.00,0.80,0.00,0.80,0,0,0,0,0,0,"","",-1,-1,-1,-1,-1,-1,-1,-1,-1,-1,-1,-1,-1,-1,-1,-1,-1,-1,-1,-1,1.07,1.47,0.00,0.00,3.45,65,100,68,33,23,23,88,68,100,11.15,5.10,0.00,0.00,0.00,0.00,0.00,0.00,0.00,0.00,0.00,London Stadium
1767124800,Dec 30 2025 - 8:00pm,incomplete,N/A,Brentford,Tottenham Hotspur,N/A,19,2.00,2.60,2.00,2.60,0,0,0,0,0,0,"","",-1,-1,-1,-1,-1,-1,-1,-1,-1,-1,-1,-1,-1,-1,-1,-1,-1,-1,-1,-1,1.24,1.24,0.00,0.00,3.00,50,80,70,40,10,60,90,30,70,10.60,4.40,0.00,0.00,0.00,0.00,0.00,0.00,0.00,0.00,0.00,N/A
1767124800,Dec 30 2025 - 8:00pm,incomplete,N/A,Crystal Palace,Fulham,N/A,19,1.50,0.20,1.50,0.20,0,0,0,0,0,0,"","",-1,-1,-1,-1,-1,-1,-1,-1,-1,-1,-1,-1,-1,-1,-1,-1,-1,-1,-1,-1,1.68,1.26,0.00,0.00,2.88,78,88,55,33,13,23,68,65,88,7.70,3.90,0.00,0.00,0.00,0.00,0.00,0.00,0.00,0.00,0.00,Selhurst Park
1767124800,Dec 30 2025 - 8:00pm,incomplete,N/A,Liverpool,Leeds United,N/A,19,2.25,0.75,2.25,0.75,0,0,0,0,0,0,"","",-1,-1,-1,-1,-1,-1,-1,-1,-1,-1,-1,-1,-1,-1,-1,-1,-1,-1,-1,-1,1.67,1.15,0.00,0.00,3.13,50,75,63,38,25,38,75,38,88,8.25,2.75,0.00,0.00,0.00,0.00,0.00,0.00,0.00,0.00,0.00,Anfield
1767124800,Dec 30 2025 - 8:00pm,incomplete,N/A,Burnley,Newcastle United,N/A,19,1.75,0.75,1.75,0.75,0,0,0,0,0,0,"","",-1,-1,-1,-1,-1,-1,-1,-1,-1,-1,-1,-1,-1,-1,-1,-1,-1,-1,-1,-1,0.81,1.37,0.00,0.00,1.25,25,50,13,0,0,13,38,25,50,6.75,2.25,0.00,0.00,0.00,0.00,0.00,0.00,0.00,0.00,0.00,Turf Moor
1767124800,Dec 30 2025 - 8:00pm,incomplete,N/A,Chelsea,AFC Bournemouth,N/A,19,1.40,1.25,1.40,1.25,0,0,0,0,0,0,"","",-1,-1,-1,-1,-1,-1,-1,-1,-1,-1,-1,-1,-1,-1,-1,-1,-1,-1,-1,-1,1.70,1.46,0.00,0.00,3.33,68,78,68,48,25,35,90,58,78,13.60,5.00,0.00,0.00,0.00,0.00,0.00,0.00,0.00,0.00,0.00,N/A
1767124800,Dec 30 2025 - 8:00pm,incomplete,N/A,Manchester United,Wolverhampton Wanderers,N/A,19,2.40,0.25,2.40,0.25,0,0,0,0,0,0,"","",-1,-1,-1,-1,-1,-1,-1,-1,-1,-1,-1,-1,-1,-1,-1,-1,-1,-1,-1,-1,1.92,1.12,0.00,0.00,2.45,43,65,30,20,20,30,88,33,55,8.10,3.90,0.00,0.00,0.00,0.00,0.00,0.00,0.00,0.00,0.00,Old Trafford
1767452400,Jan 03 2026 - 3:00pm,incomplete,N/A,AFC Bournemouth,Arsenal,N/A,20,2.60,2.25,2.60,2.25,0,0,0,0,0,0,"","",-1,-1,-1,-1,-1,-1,-1,-1,-1,-1,-1,-1,-1,-1,-1,-1,-1,-1,-1,-1,1.48,1.57,0.00,0.00,1.75,33,43,33,10,0,10,55,33,58,13.90,3.75,0.00,0.00,0.00,0.00,0.00,0.00,0.00,0.00,0.00,Vitality Stadium
1767452400,Jan 03 2026 - 3:00pm,incomplete,N/A,Everton,Brentford,N/A,20,1.60,0.75,1.60,0.75,0,0,0,0,0,0,"","",-1,-1,-1,-1,-1,-1,-1,-1,-1,-1,-1,-1,-1,-1,-1,-1,-1,-1,-1,-1,1.59,1.32,0.00,0.00,2.63,58,90,58,25,0,35,78,23,90,12.45,4.30,0.00,0.00,0.00,0.00,0.00,0.00,0.00,0.00,0.00,N/A
1767452400,Jan 03 2026 - 3:00pm,incomplete,N/A,Aston Villa,Nottingham Forest,N/A,20,2.00,0.40,2.00,0.40,0,0,0,0,0,0,"","",-1,-1,-1,-1,-1,-1,-1,-1,-1,-1,-1,-1,-1,-1,-1,-1,-1,-1,-1,-1,1.20,1.15,0.00,0.00,2.20,40,80,40,10,0,30,80,50,60,8.40,4.00,0.00,0.00,0.00,0.00,0.00,0.00,0.00,0.00,0.00,N/A
1767452400,Jan 03 2026 - 3:00pm,incomplete,N/A,Brighton & Hove Albion,Burnley,N/A,20,2.00,0.60,2.00,0.60,0,0,0,0,0,0,"","",-1,-1,-1,-1,-1,-1,-1,-1,-1,-1,-1,-1,-1,-1,-1,-1,-1,-1,-1,-1,1.43,1.04,0.00,0.00,3.70,90,100,88,43,30,33,88,78,100,7.25,3.30,0.00,0.00,0.00,0.00,0.00,0.00,0.00,0.00,0.00,The American Express Community Stadium
1767452400,Jan 03 2026 - 3:00pm,incomplete,N/A,Leeds United,Manchester United,N/A,20,1.60,1.00,1.60,1.00,0,0,0,0,0,0,"","",-1,-1,-1,-1,-1,-1,-1,-1,-1,-1,-1,-1,-1,-1,-1,-1,-1,-1,-1,-1,1.59,1.34,0.00,0.00,2.60,68,80,68,23,0,43,68,48,90,9.20,2.85,0.00,0.00,0.00,0.00,0.00,0.00,0.00,0.00,0.00,Elland Road
1767452400,Jan 03 2026 - 3:00pm,incomplete,N/A,Newcastle United,Crystal Palace,N/A,20,1.80,1.40,1.80,1.40,0,0,0,0,0,0,"","",-1,-1,-1,-1,-1,-1,-1,-1,-1,-1,-1,-1,-1,-1,-1,-1,-1,-1,-1,-1,1.66,1.26,0.00,0.00,2.40,50,70,60,10,10,0,80,70,70,10.60,3.80,0.00,0.00,0.00,0.00,0.00,0.00,0.00,0.00,0.00,N/A
1767452400,Jan 03 2026 - 3:00pm,incomplete,N/A,Manchester City,Chelsea,N/A,20,2.25,1.75,2.25,1.75,0,0,0,0,0,0,"","",-1,-1,-1,-1,-1,-1,-1,-1,-1,-1,-1,-1,-1,-1,-1,-1,-1,-1,-1,-1,1.86,1.50,0.00,0.00,3.63,50,100,75,38,25,50,75,75,88,12.00,4.00,0.00,0.00,0.00,0.00,0.00,0.00,0.00,0.00,0.00,Etihad Stadium
1767452400,Jan 03 2026 - 3:00pm,incomplete,N/A,Tottenham Hotspur,Sunderland,N/A,20,1.00,1.40,1.00,1.40,0,0,0,0,0,0,"","",-1,-1,-1,-1,-1,-1,-1,-1,-1,-1,-1,-1,-1,-1,-1,-1,-1,-1,-1,-1,1.29,0.99,0.00,0.00,1.93,35,68,35,0,0,33,68,35,58,8.30,3.55,0.00,0.00,0.00,0.00,0.00,0.00,0.00,0.00,0.00,N/A
1767452400,Jan 03 2026 - 3:00pm,incomplete,N/A,Wolverhampton Wanderers,West Ham United,N/A,20,0.20,0.80,0.20,0.80,0,0,0,0,0,0,"","",-1,-1,-1,-1,-1,-1,-1,-1,-1,-1,-1,-1,-1,-1,-1,-1,-1,-1,-1,-1,1.39,1.21,0.00,0.00,3.30,60,100,70,40,20,50,80,40,90,8.40,3.00,0.00,0.00,0.00,0.00,0.00,0.00,0.00,0.00,0.00,Molineux Stadium
1767452400,Jan 03 2026 - 3:00pm,incomplete,N/A,Fulham,Liverpool,N/A,20,1.75,1.20,1.75,1.20,0,0,0,0,0,0,"","",-1,-1,-1,-1,-1,-1,-1,-1,-1,-1,-1,-1,-1,-1,-1,-1,-1,-1,-1,-1,1.14,1.76,0.00,0.00,2.70,65,65,53,33,20,23,53,53,100,10.20,3.90,0.00,0.00,0.00,0.00,0.00,0.00,0.00,0.00,0.00,Craven Cottage
1767816000,Jan 07 2026 - 8:00pm,incomplete,N/A,Burnley,Manchester United,N/A,21,1.75,1.00,1.75,1.00,0,0,0,0,0,0,"","",-1,-1,-1,-1,-1,-1,-1,-1,-1,-1,-1,-1,-1,-1,-1,-1,-1,-1,-1,-1,0.81,1.34,0.00,0.00,2.38,50,88,38,13,0,25,63,50,88,6.50,2.50,0.00,0.00,0.00,0.00,0.00,0.00,0.00,0.00,0.00,Turf Moor
1767816000,Jan 07 2026 - 8:00pm,incomplete,N/A,Arsenal,Liverpool,N/A,21,2.60,1.20,2.60,1.20,0,0,0,0,0,0,"","",-1,-1,-1,-1,-1,-1,-1,-1,-1,-1,-1,-1,-1,-1,-1,-1,-1,-1,-1,-1,1.73,1.76,0.00,0.00,3.00,50,80,60,30,30,20,90,60,90,11.80,2.80,0.00,0.00,0.00,0.00,0.00,0.00,0.00,0.00,0.00,Emirates Stadium
1767816000,Jan 07 2026 - 8:00pm,incomplete,N/A,Crystal Palace,Aston Villa,N/A,21,1.50,1.25,1.50,1.25,0,0,0,0,0,0,"","",-1,-1,-1,-1,-1,-1,-1,-1,-1,-1,-1,-1,-1,-1,-1,-1,-1,-1,-1,-1,1.68,1.23,0.00,0.00,2.13,63,63,38,13,13,25,63,38,63,9.25,3.00,0.00,0.00,0.00,0.00,0.00,0.00,0.00,0.00,0.00,Selhurst Park
1767816000,Jan 07 2026 - 8:00pm,incomplete,N/A,Everton,Wolverhampton Wanderers,N/A,21,1.60,0.25,1.60,0.25,0,0,0,0,0,0,"","",-1,-1,-1,-1,-1,-1,-1,-1,-1,-1,-1,-1,-1,-1,-1,-1,-1,-1,-1,-1,1.59,1.12,0.00,0.00,1.75,33,65,20,0,0,10,78,23,65,9.70,5.30,0.00,0.00,0.00,0.00,0.00,0.00,0.00,0.00,0.00,N/A
1767816000,Jan 07 2026 - 8:00pm,incomplete,N/A,Manchester City,Brighton & Hove Albion,N/A,21,2.25,0.80,2.25,0.80,0,0,0,0,0,0,"","",-1,-1,-1,-1,-1,-1,-1,-1,-1,-1,-1,-1,-1,-1,-1,-1,-1,-1,-1,-1,1.86,1.47,0.00,0.00,3.33,53,100,55,33,23,35,88,68,88,12.90,4.10,0.00,0.00,0.00,0.00,0.00,0.00,0.00,0.00,0.00,Etihad Stadium
1767816000,Jan 07 2026 - 8:00pm,incomplete,N/A,West Ham United,Nottingham Forest,N/A,21,0.00,0.40,0.00,0.40,0,0,0,0,0,0,"","",-1,-1,-1,-1,-1,-1,-1,-1,-1,-1,-1,-1,-1,-1,-1,-1,-1,-1,-1,-1,1.07,1.15,0.00,0.00,2.85,45,100,48,13,13,33,78,58,80,8.95,3.50,0.00,0.00,0.00,0.00,0.00,0.00,0.00,0.00,0.00,London Stadium
1767816000,Jan 07 2026 - 8:00pm,incomplete,N/A,Newcastle United,Leeds United,N/A,21,1.80,0.75,1.80,0.75,0,0,0,0,0,0,"","",-1,-1,-1,-1,-1,-1,-1,-1,-1,-1,-1,-1,-1,-1,-1,-1,-1,-1,-1,-1,1.66,1.15,0.00,0.00,2.90,43,78,55,35,23,25,78,53,78,9.50,2.90,0.00,0.00,0.00,0.00,0.00,0.00,0.00,0.00,0.00,N/A
1767816000,Jan 07 2026 - 8:00pm,incomplete,N/A,AFC Bournemouth,Tottenham Hotspur,N/A,21,2.60,2.60,2.60,2.60,0,0,0,0,0,0,"","",-1,-1,-1,-1,-1,-1,-1,-1,-1,-1,-1,-1,-1,-1,-1,-1,-1,-1,-1,-1,1.48,1.24,0.00,0.00,2.50,40,80,60,20,0,50,70,30,60,12.20,4.00,0.00,0.00,0.00,0.00,0.00,0.00,0.00,0.00,0.00,Vitality Stadium
1767816000,Jan 07 2026 - 8:00pm,incomplete,N/A,Fulham,Chelsea,N/A,21,1.75,1.75,1.75,1.75,0,0,0,0,0,0,"","",-1,-1,-1,-1,-1,-1,-1,-1,-1,-1,-1,-1,-1,-1,-1,-1,-1,-1,-1,-1,1.14,1.50,0.00,0.00,3.00,63,75,63,38,13,38,50,50,100,9.50,5.00,0.00,0.00,0.00,0.00,0.00,0.00,0.00,0.00,0.00,Craven Cottage
1767816000,Jan 07 2026 - 8:00pm,incomplete,N/A,Brentford,Sunderland,N/A,21,2.00,1.40,2.00,1.40,0,0,0,0,0,0,"","",-1,-1,-1,-1,-1,-1,-1,-1,-1,-1,-1,-1,-1,-1,-1,-1,-1,-1,-1,-1,1.24,0.99,0.00,0.00,2.30,40,60,40,30,10,40,80,30,50,6.60,4.20,0.00,0.00,0.00,0.00,0.00,0.00,0.00,0.00,0.00,N/A
1768662000,Jan 17 2026 - 3:00pm,incomplete,N/A,Aston Villa,Everton,N/A,22,2.00,0.75,2.00,0.75,0,0,0,0,0,0,"","",-1,-1,-1,-1,-1,-1,-1,-1,-1,-1,-1,-1,-1,-1,-1,-1,-1,-1,-1,-1,1.20,0.94,0.00,0.00,2.48,45,68,55,23,13,35,65,55,80,7.95,4.00,0.00,0.00,0.00,0.00,0.00,0.00,0.00,0.00,0.00,N/A
1768662000,Jan 17 2026 - 3:00pm,incomplete,N/A,Leeds United,Fulham,N/A,22,1.60,0.20,1.60,0.20,0,0,0,0,0,0,"","",-1,-1,-1,-1,-1,-1,-1,-1,-1,-1,-1,-1,-1,-1,-1,-1,-1,-1,-1,-1,1.59,1.26,0.00,0.00,2.60,70,80,60,30,0,40,60,50,90,9.40,4.00,0.00,0.00,0.00,0.00,0.00,0.00,0.00,0.00,0.00,Elland Road
1768662000,Jan 17 2026 - 3:00pm,incomplete,N/A,Brighton & Hove Albion,AFC Bournemouth,N/A,22,2.00,1.25,2.00,1.25,0,0,0,0,0,0,"","",-1,-1,-1,-1,-1,-1,-1,-1,-1,-1,-1,-1,-1,-1,-1,-1,-1,-1,-1,-1,1.43,1.46,0.00,0.00,3.63,88,88,75,50,25,38,88,75,88,10.25,4.50,0.00,0.00,0.00,0.00,0.00,0.00,0.00,0.00,0.00,The American Express Community Stadium
1768662000,Jan 17 2026 - 3:00pm,incomplete,N/A,Chelsea,Brentford,N/A,22,1.40,0.75,1.40,0.75,0,0,0,0,0,0,"","",-1,-1,-1,-1,-1,-1,-1,-1,-1,-1,-1,-1,-1,-1,-1,-1,-1,-1,-1,-1,1.70,1.32,0.00,0.00,2.83,68,90,68,35,0,35,78,33,90,14.85,3.50,0.00,0.00,0.00,0.00,0.00,0.00,0.00,0.00,0.00,N/A
1768662000,Jan 17 2026 - 3:00pm,incomplete,N/A,Liverpool,Burnley,N/A,22,2.25,0.60,2.25,0.60,0,0,0,0,0,0,"","",-1,-1,-1,-1,-1,-1,-1,-1,-1,-1,-1,-1,-1,-1,-1,-1,-1,-1,-1,-1,1.67,1.04,0.00,0.00,3.83,78,88,88,43,43,33,88,65,100,8.75,3.05,0.00,0.00,0.00,0.00,0.00,0.00,0.00,0.00,0.00,Anfield
1768662000,Jan 17 2026 - 3:00pm,incomplete,N/A,Manchester United,Manchester City,N/A,22,2.40,1.40,2.40,1.40,0,0,0,0,0,0,"","",-1,-1,-1,-1,-1,-1,-1,-1,-1,-1,-1,-1,-1,-1,-1,-1,-1,-1,-1,-1,1.92,1.39,0.00,0.00,2.80,50,70,50,30,20,40,100,40,60,6.80,3.80,0.00,0.00,0.00,0.00,0.00,0.00,0.00,0.00,0.00,Old Trafford
1768662000,Jan 17 2026 - 3:00pm,incomplete,N/A,Sunderland,Crystal Palace,N/A,22,2.50,1.40,2.50,1.40,0,0,0,0,0,0,"","",-1,-1,-1,-1,-1,-1,-1,-1,-1,-1,-1,-1,-1,-1,-1,-1,-1,-1,-1,-1,1.21,1.26,0.00,0.00,2.25,45,80,55,0,0,0,53,68,80,7.60,4.15,0.00,0.00,0.00,0.00,0.00,0.00,0.00,0.00,0.00,Stadium of Light
1768662000,Jan 17 2026 - 3:00pm,incomplete,N/A,Tottenham Hotspur,West Ham United,N/A,22,1.00,0.80,1.00,0.80,0,0,0,0,0,0,"","",-1,-1,-1,-1,-1,-1,-1,-1,-1,-1,-1,-1,-1,-1,-1,-1,-1,-1,-1,-1,1.29,1.21,0.00,0.00,2.43,45,88,55,0,0,23,68,45,88,10.70,3.75,0.00,0.00,0.00,0.00,0.00,0.00,0.00,0.00,0.00,N/A
1768662000,Jan 17 2026 - 3:00pm,incomplete,N/A,Wolverhampton Wanderers,Newcastle United,N/A,22,0.20,0.75,0.20,0.75,0,0,0,0,0,0,"","",-1,-1,-1,-1,-1,-1,-1,-1,-1,-1,-1,-1,-1,-1,-1,-1,-1,-1,-1,-1,1.39,1.37,0.00,0.00,2.38,53,63,53,40,20,40,63,33,53,7.45,2.00,0.00,0.00,0.00,0.00,0.00,0.00,0.00,0.00,0.00,Molineux Stadium
1768662000,Jan 17 2026 - 3:00pm,incomplete,N/A,Nottingham Forest,Arsenal,N/A,22,0.75,2.25,0.75,2.25,0,0,0,0,0,0,"","",-1,-1,-1,-1,-1,-1,-1,-1,-1,-1,-1,-1,-1,-1,-1,-1,-1,-1,-1,-1,1.68,1.57,0.00,0.00,2.13,25,50,50,13,0,13,50,38,75,15.00,3.50,0.00,0.00,0.00,0.00,0.00,0.00,0.00,0.00,0.00,The City Ground
1769266800,Jan 24 2026 - 3:00pm,incomplete,N/A,Brentford,Nottingham Forest,N/A,23,2.00,0.40,2.00,0.40,0,0,0,0,0,0,"","",-1,-1,-1,-1,-1,-1,-1,-1,-1,-1,-1,-1,-1,-1,-1,-1,-1,-1,-1,-1,1.24,1.15,0.00,0.00,2.60,50,80,40,30,10,40,90,40,60,7.00,4.40,0.00,0.00,0.00,0.00,0.00,0.00,0.00,0.00,0.00,N/A
1769266800,Jan 24 2026 - 3:00pm,incomplete,N/A,Burnley,Tottenham Hotspur,N/A,23,1.75,2.60,1.75,2.60,0,0,0,0,0,0,"","",-1,-1,-1,-1,-1,-1,-1,-1,-1,-1,-1,-1,-1,-1,-1,-1,-1,-1,-1,-1,0.81,1.24,0.00,0.00,2.38,33,88,40,10,0,53,65,23,78,9.30,3.25,0.00,0.00,0.00,0.00,0.00,0.00,0.00,0.00,0.00,Turf Moor
1769266800,Jan 24 2026 - 3:00pm,incomplete,N/A,Crystal Palace,Chelsea,N/A,23,1.50,1.75,1.50,1.75,0,0,0,0,0,0,"","",-1,-1,-1,-1,-1,-1,-1,-1,-1,-1,-1,-1,-1,-1,-1,-1,-1,-1,-1,-1,1.68,1.50,0.00,0.00,3.38,75,88,75,38,25,38,75,63,88,8.00,5.00,0.00,0.00,0.00,0.00,0.00,0.00,0.00,0.00,0.00,Selhurst Park
1769266800,Jan 24 2026 - 3:00pm,incomplete,N/A,AFC Bournemouth,Liverpool,N/A,23,2.60,1.20,2.60,1.20,0,0,0,0,0,0,"","",-1,-1,-1,-1,-1,-1,-1,-1,-1,-1,-1,-1,-1,-1,-1,-1,-1,-1,-1,-1,1.48,1.76,0.00,0.00,2.70,60,70,60,30,20,20,70,60,70,10.60,4.40,0.00,0.00,0.00,0.00,0.00,0.00,0.00,0.00,0.00,Vitality Stadium
1769266800,Jan 24 2026 - 3:00pm,incomplete,N/A,Arsenal,Manchester United,N/A,23,2.60,1.00,2.60,1.00,0,0,0,0,0,0,"","",-1,-1,-1,-1,-1,-1,-1,-1,-1,-1,-1,-1,-1,-1,-1,-1,-1,-1,-1,-1,1.73,1.34,0.00,0.00,2.80,48,90,58,23,10,23,88,58,90,10.60,1.65,0.00,0.00,0.00,0.00,0.00,0.00,0.00,0.00,0.00,Emirates Stadium
1769266800,Jan 24 2026 - 3:00pm,incomplete,N/A,Newcastle United,Aston Villa,N/A,23,1.80,1.25,1.80,1.25,0,0,0,0,0,0,"","",-1,-1,-1,-1,-1,-1,-1,-1,-1,-1,-1,-1,-1,-1,-1,-1,-1,-1,-1,-1,1.66,1.23,0.00,0.00,2.15,55,65,43,10,10,13,65,53,65,12.75,2.90,0.00,0.00,0.00,0.00,0.00,0.00,0.00,0.00,0.00,N/A
1769266800,Jan 24 2026 - 3:00pm,incomplete,N/A,West Ham United,Sunderland,N/A,23,0.00,1.40,0.00,1.40,0,0,0,0,0,0,"","",-1,-1,-1,-1,-1,-1,-1,-1,-1,-1,-1,-1,-1,-1,-1,-1,-1,-1,-1,-1,1.07,0.99,0.00,0.00,2.55,35,80,48,13,13,33,68,48,70,8.55,3.30,0.00,0.00,0.00,0.00,0.00,0.00,0.00,0.00,0.00,London Stadium
1769266800,Jan 24 2026 - 3:00pm,incomplete,N/A,Fulham,Brighton & Hove Albion,N/A,23,1.75,0.80,1.75,0.80,0,0,0,0,0,0,"","",-1,-1,-1,-1,-1,-1,-1,-1,-1,-1,-1,-1,-1,-1,-1,-1,-1,-1,-1,-1,1.14,1.47,0.00,0.00,2.70,65,75,43,33,10,23,63,43,100,10.40,5.10,0.00,0.00,0.00,0.00,0.00,0.00,0.00,0.00,0.00,Craven Cottage
1769266800,Jan 24 2026 - 3:00pm,incomplete,N/A,Everton,Leeds United,N/A,23,1.60,0.75,1.60,0.75,0,0,0,0,0,0,"","",-1,-1,-1,-1,-1,-1,-1,-1,-1,-1,-1,-1,-1,-1,-1,-1,-1,-1,-1,-1,1.59,1.15,0.00,0.00,2.50,33,78,45,25,13,35,78,23,78,7.70,4.30,0.00,0.00,0.00,0.00,0.00,0.00,0.00,0.00,0.00,N/A
1769266800,Jan 24 2026 - 3:00pm,incomplete,N/A,Manchester City,Wolverhampton Wanderers,N/A,23,2.25,0.25,2.25,0.25,0,0,0,0,0,0,"","",-1,-1,-1,-1,-1,-1,-1,-1,-1,-1,-1,-1,-1,-1,-1,-1,-1,-1,-1,-1,1.86,1.12,0.00,0.00,2.38,25,75,25,13,13,25,75,50,63,12.00,3.00,0.00,0.00,0.00,0.00,0.00,0.00,0.00,0.00,0.00,Etihad Stadium
1769871600,Jan 31 2026 - 3:00pm,incomplete,N/A,Aston Villa,Brentford,N/A,24,2.00,0.75,2.00,0.75,0,0,0,0,0,0,"","",-1,-1,-1,-1,-1,-1,-1,-1,-1,-1,-1,-1,-1,-1,-1,-1,-1,-1,-1,-1,1.20,1.32,0.00,0.00,2.73,58,80,68,35,0,35,78,43,80,12.45,3.50,0.00,0.00,0.00,0.00,0.00,0.00,0.00,0.00,0.00,N/A
1769871600,Jan 31 2026 - 3:00pm,incomplete,N/A,Brighton & Hove Albion,Everton,N/A,24,2.00,0.75,2.00,0.75,0,0,0,0,0,0,"","",-1,-1,-1,-1,-1,-1,-1,-1,-1,-1,-1,-1,-1,-1,-1,-1,-1,-1,-1,-1,1.43,0.94,0.00,0.00,2.88,75,88,63,25,13,38,63,63,100,7.00,3.50,0.00,0.00,0.00,0.00,0.00,0.00,0.00,0.00,0.00,The American Express Community Stadium
1769871600,Jan 31 2026 - 3:00pm,incomplete,N/A,Chelsea,West Ham United,N/A,24,1.40,0.80,1.40,0.80,0,0,0,0,0,0,"","",-1,-1,-1,-1,-1,-1,-1,-1,-1,-1,-1,-1,-1,-1,-1,-1,-1,-1,-1,-1,1.70,1.21,0.00,0.00,2.50,50,90,60,10,0,20,70,40,90,12.80,4.00,0.00,0.00,0.00,0.00,0.00,0.00,0.00,0.00,0.00,N/A
1769871600,Jan 31 2026 - 3:00pm,incomplete,N/A,Leeds United,Arsenal,N/A,24,1.60,2.25,1.60,2.25,0,0,0,0,0,0,"","",-1,-1,-1,-1,-1,-1,-1,-1,-1,-1,-1,-1,-1,-1,-1,-1,-1,-1,-1,-1,1.59,1.57,0.00,0.00,1.85,43,43,43,10,0,30,55,23,78,13.70,3.35,0.00,0.00,0.00,0.00,0.00,0.00,0.00,0.00,0.00,Elland Road
1769871600,Jan 31 2026 - 3:00pm,incomplete,N/A,Sunderland,Burnley,N/A,24,2.50,0.60,2.50,0.60,0,0,0,0,0,0,"","",-1,-1,-1,-1,-1,-1,-1,-1,-1,-1,-1,-1,-1,-1,-1,-1,-1,-1,-1,-1,1.21,1.04,0.00,0.00,3.45,65,100,75,30,30,20,63,78,100,7.00,3.55,0.00,0.00,0.00,0.00,0.00,0.00,0.00,0.00,0.00,Stadium of Light
1769871600,Jan 31 2026 - 3:00pm,incomplete,N/A,Liverpool,Newcastle United,N/A,24,2.25,0.75,2.25,0.75,0,0,0,0,0,0,"","",-1,-1,-1,-1,-1,-1,-1,-1,-1,-1,-1,-1,-1,-1,-1,-1,-1,-1,-1,-1,1.67,1.37,0.00,0.00,2.00,50,50,50,13,13,13,50,38,63,10.00,2.25,0.00,0.00,0.00,0.00,0.00,0.00,0.00,0.00,0.00,Anfield
1769871600,Jan 31 2026 - 3:00pm,incomplete,N/A,Nottingham Forest,Crystal Palace,N/A,24,0.75,1.40,0.75,1.40,0,0,0,0,0,0,"","",-1,-1,-1,-1,-1,-1,-1,-1,-1,-1,-1,-1,-1,-1,-1,-1,-1,-1,-1,-1,1.68,1.26,0.00,0.00,2.38,33,68,68,13,0,13,65,55,68,10.10,4.15,0.00,0.00,0.00,0.00,0.00,0.00,0.00,0.00,0.00,The City Ground
1769871600,Jan 31 2026 - 3:00pm,incomplete,N/A,Manchester United,Fulham,N/A,24,2.40,0.20,2.40,0.20,0,0,0,0,0,0,"","",-1,-1,-1,-1,-1,-1,-1,-1,-1,-1,-1,-1,-1,-1,-1,-1,-1,-1,-1,-1,1.92,1.26,0.00,0.00,3.20,70,90,60,40,20,40,80,60,80,7.80,3.80,0.00,0.00,0.00,0.00,0.00,0.00,0.00,0.00,0.00,Old Trafford
1769871600,Jan 31 2026 - 3:00pm,incomplete,N/A,Tottenham Hotspur,Manchester City,N/A,24,1.00,1.40,1.00,1.40,0,0,0,0,0,0,"","",-1,-1,-1,-1,-1,-1,-1,-1,-1,-1,-1,-1,-1,-1,-1,-1,-1,-1,-1,-1,1.29,1.39,0.00,0.00,2.23,45,68,45,10,0,23,88,45,68,8.70,4.15,0.00,0.00,0.00,0.00,0.00,0.00,0.00,0.00,0.00,N/A
1769871600,Jan 31 2026 - 3:00pm,incomplete,N/A,Wolverhampton Wanderers,AFC Bournemouth,N/A,24,0.20,1.25,0.20,1.25,0,0,0,0,0,0,"","",-1,-1,-1,-1,-1,-1,-1,-1,-1,-1,-1,-1,-1,-1,-1,-1,-1,-1,-1,-1,1.39,1.46,0.00,0.00,4.13,78,88,78,78,45,65,100,58,78,9.20,4.00,0.00,0.00,0.00,0.00,0.00,0.00,0.00,0.00,0.00,Molineux Stadium
1770476400,Feb 07 2026 - 3:00pm,incomplete,N/A,Wolverhampton Wanderers,Chelsea,N/A,25,0.20,1.75,0.20,1.75,0,0,0,0,0,0,"","",-1,-1,-1,-1,-1,-1,-1,-1,-1,-1,-1,-1,-1,-1,-1,-1,-1,-1,-1,-1,1.39,1.50,0.00,0.00,4.00,78,100,90,65,33,65,88,58,90,7.70,4.50,0.00,0.00,0.00,0.00,0.00,0.00,0.00,0.00,0.00,Molineux Stadium
1770476400,Feb 07 2026 - 3:00pm,incomplete,N/A,AFC Bournemouth,Aston Villa,N/A,25,2.60,1.25,2.60,1.25,0,0,0,0,0,0,"","",-1,-1,-1,-1,-1,-1,-1,-1,-1,-1,-1,-1,-1,-1,-1,-1,-1,-1,-1,-1,1.48,1.23,0.00,0.00,1.75,45,55,33,10,0,23,55,33,45,11.15,3.50,0.00,0.00,0.00,0.00,0.00,0.00,0.00,0.00,0.00,Vitality Stadium
1770476400,Feb 07 2026 - 3:00pm,incomplete,N/A,Brighton & Hove Albion,Crystal Palace,N/A,25,2.00,1.40,2.00,1.40,0,0,0,0,0,0,"","",-1,-1,-1,-1,-1,-1,-1,-1,-1,-1,-1,-1,-1,-1,-1,-1,-1,-1,-1,-1,1.43,1.26,0.00,0.00,2.50,70,80,68,13,0,13,78,68,80,7.85,3.90,0.00,0.00,0.00,0.00,0.00,0.00,0.00,0.00,0.00,The American Express Community Stadium
1770476400,Feb 07 2026 - 3:00pm,incomplete,N/A,Burnley,West Ham United,N/A,25,1.75,0.80,1.75,0.80,0,0,0,0,0,0,"","",-1,-1,-1,-1,-1,-1,-1,-1,-1,-1,-1,-1,-1,-1,-1,-1,-1,-1,-1,-1,0.81,1.21,0.00,0.00,2.18,33,88,30,0,0,23,55,33,88,7.70,3.25,0.00,0.00,0.00,0.00,0.00,0.00,0.00,0.00,0.00,Turf Moor
1770476400,Feb 07 2026 - 3:00pm,incomplete,N/A,Fulham,Everton,N/A,25,1.75,0.75,1.75,0.75,0,0,0,0,0,0,"","",-1,-1,-1,-1,-1,-1,-1,-1,-1,-1,-1,-1,-1,-1,-1,-1,-1,-1,-1,-1,1.14,0.94,0.00,0.00,2.38,50,63,38,25,13,38,38,38,100,7.75,3.50,0.00,0.00,0.00,0.00,0.00,0.00,0.00,0.00,0.00,Craven Cottage
1770476400,Feb 07 2026 - 3:00pm,incomplete,N/A,Leeds United,Nottingham Forest,N/A,25,1.60,0.40,1.60,0.40,0,0,0,0,0,0,"","",-1,-1,-1,-1,-1,-1,-1,-1,-1,-1,-1,-1,-1,-1,-1,-1,-1,-1,-1,-1,1.59,1.15,0.00,0.00,2.20,50,80,40,10,0,50,70,30,70,8.40,3.60,0.00,0.00,0.00,0.00,0.00,0.00,0.00,0.00,0.00,Elland Road
1770476400,Feb 07 2026 - 3:00pm,incomplete,N/A,Newcastle United,Brentford,N/A,25,1.80,0.75,1.80,0.75,0,0,0,0,0,0,"","",-1,-1,-1,-1,-1,-1,-1,-1,-1,-1,-1,-1,-1,-1,-1,-1,-1,-1,-1,-1,1.66,1.32,0.00,0.00,3.03,68,90,68,35,10,25,78,53,90,14.25,2.90,0.00,0.00,0.00,0.00,0.00,0.00,0.00,0.00,0.00,N/A
1770476400,Feb 07 2026 - 3:00pm,incomplete,N/A,Liverpool,Manchester City,N/A,25,2.25,1.40,2.25,1.40,0,0,0,0,0,0,"","",-1,-1,-1,-1,-1,-1,-1,-1,-1,-1,-1,-1,-1,-1,-1,-1,-1,-1,-1,-1,1.67,1.39,0.00,0.00,2.73,58,68,58,23,13,23,88,45,80,8.95,3.65,0.00,0.00,0.00,0.00,0.00,0.00,0.00,0.00,0.00,Anfield
1770476400,Feb 07 2026 - 3:00pm,incomplete,N/A,Manchester United,Tottenham Hotspur,N/A,25,2.40,2.60,2.40,2.60,0,0,0,0,0,0,"","",-1,-1,-1,-1,-1,-1,-1,-1,-1,-1,-1,-1,-1,-1,-1,-1,-1,-1,-1,-1,1.92,1.24,0.00,0.00,3.20,50,90,70,30,20,70,90,30,70,10.40,3.40,0.00,0.00,0.00,0.00,0.00,0.00,0.00,0.00,0.00,Old Trafford
1770476400,Feb 07 2026 - 3:00pm,incomplete,N/A,Arsenal,Sunderland,N/A,25,2.60,1.40,2.60,1.40,0,0,0,0,0,0,"","",-1,-1,-1,-1,-1,-1,-1,-1,-1,-1,-1,-1,-1,-1,-1,-1,-1,-1,-1,-1,1.73,0.99,0.00,0.00,2.10,20,70,30,10,10,30,80,30,60,9.40,2.20,0.00,0.00,0.00,0.00,0.00,0.00,0.00,0.00,0.00,Emirates Stadium
1770840000,Feb 11 2026 - 8:00pm,incomplete,N/A,Tottenham Hotspur,Newcastle United,N/A,26,1.00,0.75,1.00,0.75,0,0,0,0,0,0,"","",-1,-1,-1,-1,-1,-1,-1,-1,-1,-1,-1,-1,-1,-1,-1,-1,-1,-1,-1,-1,1.29,1.37,0.00,0.00,1.50,38,50,38,0,0,13,50,38,50,9.75,2.75,0.00,0.00,0.00,0.00,0.00,0.00,0.00,0.00,0.00,N/A
1770840000,Feb 11 2026 - 8:00pm,incomplete,N/A,West Ham United,Manchester United,N/A,26,0.00,1.00,0.00,1.00,0,0,0,0,0,0,"","",-1,-1,-1,-1,-1,-1,-1,-1,-1,-1,-1,-1,-1,-1,-1,-1,-1,-1,-1,-1,1.07,1.34,0.00,0.00,3.25,63,100,75,25,13,25,75,75,100,9.75,2.75,0.00,0.00,0.00,0.00,0.00,0.00,0.00,0.00,0.00,London Stadium
1770840000,Feb 11 2026 - 8:00pm,incomplete,N/A,Brentford,Arsenal,N/A,26,2.00,2.25,2.00,2.25,0,0,0,0,0,0,"","",-1,-1,-1,-1,-1,-1,-1,-1,-1,-1,-1,-1,-1,-1,-1,-1,-1,-1,-1,-1,1.24,1.57,0.00,0.00,2.25,43,43,43,30,10,20,75,33,68,12.30,4.15,0.00,0.00,0.00,0.00,0.00,0.00,0.00,0.00,0.00,N/A
1770840000,Feb 11 2026 - 8:00pm,incomplete,N/A,Nottingham Forest,Wolverhampton Wanderers,N/A,26,0.75,0.25,0.75,0.25,0,0,0,0,0,0,"","",-1,-1,-1,-1,-1,-1,-1,-1,-1,-1,-1,-1,-1,-1,-1,-1,-1,-1,-1,-1,1.68,1.12,0.00,0.00,2.13,25,63,38,13,0,13,63,38,63,11.00,4.25,0.00,0.00,0.00,0.00,0.00,0.00,0.00,0.00,0.00,The City Ground
1770840000,Feb 11 2026 - 8:00pm,incomplete,N/A,Chelsea,Leeds United,N/A,26,1.40,0.75,1.40,0.75,0,0,0,0,0,0,"","",-1,-1,-1,-1,-1,-1,-1,-1,-1,-1,-1,-1,-1,-1,-1,-1,-1,-1,-1,-1,1.70,1.15,0.00,0.00,2.70,43,78,55,35,13,35,78,33,78,10.10,3.50,0.00,0.00,0.00,0.00,0.00,0.00,0.00,0.00,0.00,N/A
1770840000,Feb 11 2026 - 8:00pm,incomplete,N/A,Crystal Palace,Burnley,N/A,26,1.50,0.60,1.50,0.60,0,0,0,0,0,0,"","",-1,-1,-1,-1,-1,-1,-1,-1,-1,-1,-1,-1,-1,-1,-1,-1,-1,-1,-1,-1,1.68,1.04,0.00,0.00,3.58,78,88,75,43,43,33,88,65,88,6.50,3.30,0.00,0.00,0.00,0.00,0.00,0.00,0.00,0.00,0.00,Selhurst Park
1770840000,Feb 11 2026 - 8:00pm,incomplete,N/A,Sunderland,Liverpool,N/A,26,2.50,1.20,2.50,1.20,0,0,0,0,0,0,"","",-1,-1,-1,-1,-1,-1,-1,-1,-1,-1,-1,-1,-1,-1,-1,-1,-1,-1,-1,-1,1.21,1.76,0.00,0.00,2.95,65,90,65,20,20,10,53,78,100,9.20,4.15,0.00,0.00,0.00,0.00,0.00,0.00,0.00,0.00,0.00,Stadium of Light
1770840000,Feb 11 2026 - 8:00pm,incomplete,N/A,Everton,AFC Bournemouth,N/A,26,1.60,1.25,1.60,1.25,0,0,0,0,0,0,"","",-1,-1,-1,-1,-1,-1,-1,-1,-1,-1,-1,-1,-1,-1,-1,-1,-1,-1,-1,-1,1.59,1.46,0.00,0.00,3.13,58,78,58,38,25,35,90,48,78,11.20,5.80,0.00,0.00,0.00,0.00,0.00,0.00,0.00,0.00,0.00,N/A
1770840000,Feb 11 2026 - 8:00pm,incomplete,N/A,Aston Villa,Brighton & Hove Albion,N/A,26,2.00,0.80,2.00,0.80,0,0,0,0,0,0,"","",-1,-1,-1,-1,-1,-1,-1,-1,-1,-1,-1,-1,-1,-1,-1,-1,-1,-1,-1,-1,1.20,1.47,0.00,0.00,2.80,60,80,60,30,10,20,90,60,80,10.60,5.60,0.00,0.00,0.00,0.00,0.00,0.00,0.00,0.00,0.00,N/A
1770840000,Feb 11 2026 - 8:00pm,incomplete,N/A,Manchester City,Fulham,N/A,26,2.25,0.20,2.25,0.20,0,0,0,0,0,0,"","",-1,-1,-1,-1,-1,-1,-1,-1,-1,-1,-1,-1,-1,-1,-1,-1,-1,-1,-1,-1,1.86,1.26,0.00,0.00,3.13,53,100,55,33,13,35,68,78,88,11.70,2.90,0.00,0.00,0.00,0.00,0.00,0.00,0.00,0.00,0.00,Etihad Stadium
1771686000,Feb 21 2026 - 3:00pm,incomplete,N/A,Everton,Manchester United,N/A,27,1.60,1.00,1.60,1.00,0,0,0,0,0,0,"","",-1,-1,-1,-1,-1,-1,-1,-1,-1,-1,-1,-1,-1,-1,-1,-1,-1,-1,-1,-1,1.59,1.34,0.00,0.00,2.50,58,90,58,13,0,23,78,48,90,9.20,4.05,0.00,0.00,0.00,0.00,0.00,0.00,0.00,0.00,0.00,N/A
1771686000,Feb 21 2026 - 3:00pm,incomplete,N/A,Tottenham Hotspur,Arsenal,N/A,27,1.00,2.25,1.00,2.25,0,0,0,0,0,0,"","",-1,-1,-1,-1,-1,-1,-1,-1,-1,-1,-1,-1,-1,-1,-1,-1,-1,-1,-1,-1,1.29,1.57,0.00,0.00,1.88,38,50,38,0,0,13,63,38,75,14.00,3.50,0.00,0.00,0.00,0.00,0.00,0.00,0.00,0.00,0.00,N/A
1771686000,Feb 21 2026 - 3:00pm,incomplete,N/A,Aston Villa,Leeds United,N/A,27,2.00,0.75,2.00,0.75,0,0,0,0,0,0,"","",-1,-1,-1,-1,-1,-1,-1,-1,-1,-1,-1,-1,-1,-1,-1,-1,-1,-1,-1,-1,1.20,1.15,0.00,0.00,2.60,33,68,55,35,13,35,78,43,68,7.70,3.50,0.00,0.00,0.00,0.00,0.00,0.00,0.00,0.00,0.00,N/A
1771686000,Feb 21 2026 - 3:00pm,incomplete,N/A,Crystal Palace,Wolverhampton Wanderers,N/A,27,1.50,0.25,1.50,0.25,0,0,0,0,0,0,"","",-1,-1,-1,-1,-1,-1,-1,-1,-1,-1,-1,-1,-1,-1,-1,-1,-1,-1,-1,-1,1.68,1.12,0.00,0.00,2.13,50,63,25,13,13,13,75,38,63,8.00,4.00,0.00,0.00,0.00,0.00,0.00,0.00,0.00,0.00,0.00,Selhurst Park
1771686000,Feb 21 2026 - 3:00pm,incomplete,N/A,Brentford,Brighton & Hove Albion,N/A,27,2.00,0.80,2.00,0.80,0,0,0,0,0,0,"","",-1,-1,-1,-1,-1,-1,-1,-1,-1,-1,-1,-1,-1,-1,-1,-1,-1,-1,-1,-1,1.24,1.47,0.00,0.00,3.20,70,80,60,50,20,30,100,50,80,9.20,6.00,0.00,0.00,0.00,0.00,0.00,0.00,0.00,0.00,0.00,N/A
1771686000,Feb 21 2026 - 3:00pm,incomplete,N/A,West Ham United,AFC Bournemouth,N/A,27,0.00,1.25,0.00,1.25,0,0,0,0,0,0,"","",-1,-1,-1,-1,-1,-1,-1,-1,-1,-1,-1,-1,-1,-1,-1,-1,-1,-1,-1,-1,1.07,1.46,0.00,0.00,3.88,63,88,75,50,38,38,88,75,88,11.75,4.50,0.00,0.00,0.00,0.00,0.00,0.00,0.00,0.00,0.00,London Stadium
1771686000,Feb 21 2026 - 3:00pm,incomplete,N/A,Sunderland,Fulham,N/A,27,2.50,0.20,2.50,0.20,0,0,0,0,0,0,"","",-1,-1,-1,-1,-1,-1,-1,-1,-1,-1,-1,-1,-1,-1,-1,-1,-1,-1,-1,-1,1.21,1.26,0.00,0.00,2.75,65,100,55,20,0,10,43,78,100,8.20,4.15,0.00,0.00,0.00,0.00,0.00,0.00,0.00,0.00,0.00,Stadium of Light
1771686000,Feb 21 2026 - 3:00pm,incomplete,N/A,Chelsea,Burnley,N/A,27,1.40,0.60,1.40,0.60,0,0,0,0,0,0,"","",-1,-1,-1,-1,-1,-1,-1,-1,-1,-1,-1,-1,-1,-1,-1,-1,-1,-1,-1,-1,1.70,1.04,0.00,0.00,3.40,70,90,80,40,30,30,90,60,90,10.60,3.80,0.00,0.00,0.00,0.00,0.00,0.00,0.00,0.00,0.00,N/A
1771686000,Feb 21 2026 - 3:00pm,incomplete,N/A,Manchester City,Newcastle United,N/A,27,2.25,0.75,2.25,0.75,0,0,0,0,0,0,"","",-1,-1,-1,-1,-1,-1,-1,-1,-1,-1,-1,-1,-1,-1,-1,-1,-1,-1,-1,-1,1.86,1.37,0.00,0.00,2.00,25,63,38,13,13,25,50,50,50,11.75,1.50,0.00,0.00,0.00,0.00,0.00,0.00,0.00,0.00,0.00,Etihad Stadium
1771686000,Feb 21 2026 - 3:00pm,incomplete,N/A,Nottingham Forest,Liverpool,N/A,27,0.75,1.20,0.75,1.20,0,0,0,0,0,0,"","",-1,-1,-1,-1,-1,-1,-1,-1,-1,-1,-1,-1,-1,-1,-1,-1,-1,-1,-1,-1,1.68,1.76,0.00,0.00,3.08,53,78,78,33,20,23,65,65,88,11.70,4.15,0.00,0.00,0.00,0.00,0.00,0.00,0.00,0.00,0.00,The City Ground
1772290800,Feb 28 2026 - 3:00pm,incomplete,N/A,Brighton & Hove Albion,Nottingham Forest,N/A,28,2.00,0.40,2.00,0.40,0,0,0,0,0,0,"","",-1,-1,-1,-1,-1,-1,-1,-1,-1,-1,-1,-1,-1,-1,-1,-1,-1,-1,-1,-1,1.43,1.15,0.00,0.00,2.60,70,100,48,13,0,33,78,58,80,7.45,3.50,0.00,0.00,0.00,0.00,0.00,0.00,0.00,0.00,0.00,The American Express Community Stadium
1772290800,Feb 28 2026 - 3:00pm,incomplete,N/A,Arsenal,Chelsea,N/A,28,2.60,1.75,2.60,1.75,0,0,0,0,0,0,"","",-1,-1,-1,-1,-1,-1,-1,-1,-1,-1,-1,-1,-1,-1,-1,-1,-1,-1,-1,-1,1.73,1.50,0.00,0.00,3.30,48,90,70,35,23,35,88,58,90,11.10,3.90,0.00,0.00,0.00,0.00,0.00,0.00,0.00,0.00,0.00,Emirates Stadium
1772290800,Feb 28 2026 - 3:00pm,incomplete,N/A,Liverpool,West Ham United,N/A,28,2.25,0.80,2.25,0.80,0,0,0,0,0,0,"","",-1,-1,-1,-1,-1,-1,-1,-1,-1,-1,-1,-1,-1,-1,-1,-1,-1,-1,-1,-1,1.67,1.21,0.00,0.00,2.93,58,88,68,13,13,23,68,45,100,10.95,3.25,0.00,0.00,0.00,0.00,0.00,0.00,0.00,0.00,0.00,Anfield
1772290800,Feb 28 2026 - 3:00pm,incomplete,N/A,Newcastle United,Everton,N/A,28,1.80,0.75,1.80,0.75,0,0,0,0,0,0,"","",-1,-1,-1,-1,-1,-1,-1,-1,-1,-1,-1,-1,-1,-1,-1,-1,-1,-1,-1,-1,1.66,0.94,0.00,0.00,2.78,55,78,55,23,23,25,65,65,90,9.75,3.40,0.00,0.00,0.00,0.00,0.00,0.00,0.00,0.00,0.00,N/A
1772290800,Feb 28 2026 - 3:00pm,incomplete,N/A,Wolverhampton Wanderers,Aston Villa,N/A,28,0.20,1.25,0.20,1.25,0,0,0,0,0,0,"","",-1,-1,-1,-1,-1,-1,-1,-1,-1,-1,-1,-1,-1,-1,-1,-1,-1,-1,-1,-1,1.39,1.23,0.00,0.00,2.75,65,75,53,40,20,53,75,33,65,8.95,2.50,0.00,0.00,0.00,0.00,0.00,0.00,0.00,0.00,0.00,Molineux Stadium
1772290800,Feb 28 2026 - 3:00pm,incomplete,N/A,Burnley,Brentford,N/A,28,1.75,0.75,1.75,0.75,0,0,0,0,0,0,"","",-1,-1,-1,-1,-1,-1,-1,-1,-1,-1,-1,-1,-1,-1,-1,-1,-1,-1,-1,-1,0.81,1.32,0.00,0.00,2.50,50,88,38,25,0,38,63,25,88,9.75,2.75,0.00,0.00,0.00,0.00,0.00,0.00,0.00,0.00,0.00,Turf Moor
1772290800,Feb 28 2026 - 3:00pm,incomplete,N/A,Fulham,Tottenham Hotspur,N/A,28,1.75,2.60,1.75,2.60,0,0,0,0,0,0,"","",-1,-1,-1,-1,-1,-1,-1,-1,-1,-1,-1,-1,-1,-1,-1,-1,-1,-1,-1,-1,1.14,1.24,0.00,0.00,2.50,45,75,53,23,0,53,53,23,90,11.80,3.50,0.00,0.00,0.00,0.00,0.00,0.00,0.00,0.00,0.00,Craven Cottage
1772290800,Feb 28 2026 - 3:00pm,incomplete,N/A,Leeds United,Manchester City,N/A,28,1.60,1.40,1.60,1.40,0,0,0,0,0,0,"","",-1,-1,-1,-1,-1,-1,-1,-1,-1,-1,-1,-1,-1,-1,-1,-1,-1,-1,-1,-1,1.59,1.39,0.00,0.00,2.20,50,60,50,20,0,40,80,30,70,8.40,4.00,0.00,0.00,0.00,0.00,0.00,0.00,0.00,0.00,0.00,Elland Road
1772290800,Feb 28 2026 - 3:00pm,incomplete,N/A,AFC Bournemouth,Sunderland,N/A,28,2.60,1.40,2.60,1.40,0,0,0,0,0,0,"","",-1,-1,-1,-1,-1,-1,-1,-1,-1,-1,-1,-1,-1,-1,-1,-1,-1,-1,-1,-1,1.48,0.99,0.00,0.00,1.80,30,60,30,10,0,30,60,30,40,8.20,3.80,0.00,0.00,0.00,0.00,0.00,0.00,0.00,0.00,0.00,Vitality Stadium
1772290800,Feb 28 2026 - 3:00pm,incomplete,N/A,Manchester United,Crystal Palace,N/A,28,2.40,1.40,2.40,1.40,0,0,0,0,0,0,"","",-1,-1,-1,-1,-1,-1,-1,-1,-1,-1,-1,-1,-1,-1,-1,-1,-1,-1,-1,-1,1.92,1.26,0.00,0.00,2.70,50,70,60,20,20,30,90,50,60,7.20,3.80,0.00,0.00,0.00,0.00,0.00,0.00,0.00,0.00,0.00,Old Trafford
1772654400,Mar 04 2026 - 8:00pm,incomplete,N/A,Aston Villa,Chelsea,N/A,29,2.00,1.75,2.00,1.75,0,0,0,0,0,0,"","",-1,-1,-1,-1,-1,-1,-1,-1,-1,-1,-1,-1,-1,-1,-1,-1,-1,-1,-1,-1,1.20,1.50,0.00,0.00,3.10,58,80,80,35,13,35,78,68,80,9.70,5.50,0.00,0.00,0.00,0.00,0.00,0.00,0.00,0.00,0.00,N/A
1772654400,Mar 04 2026 - 8:00pm,incomplete,N/A,Everton,Burnley,N/A,29,1.60,0.60,1.60,0.60,0,0,0,0,0,0,"","",-1,-1,-1,-1,-1,-1,-1,-1,-1,-1,-1,-1,-1,-1,-1,-1,-1,-1,-1,-1,1.59,1.04,0.00,0.00,3.20,60,90,70,30,30,30,90,50,90,8.20,4.60,0.00,0.00,0.00,0.00,0.00,0.00,0.00,0.00,0.00,N/A
1772654400,Mar 04 2026 - 8:00pm,incomplete,N/A,Fulham,West Ham United,N/A,29,1.75,0.80,1.75,0.80,0,0,0,0,0,0,"","",-1,-1,-1,-1,-1,-1,-1,-1,-1,-1,-1,-1,-1,-1,-1,-1,-1,-1,-1,-1,1.14,1.21,0.00,0.00,2.30,45,75,43,13,0,23,43,33,100,10.20,3.50,0.00,0.00,0.00,0.00,0.00,0.00,0.00,0.00,0.00,Craven Cottage
1772654400,Mar 04 2026 - 8:00pm,incomplete,N/A,Manchester City,Nottingham Forest,N/A,29,2.25,0.40,2.25,0.40,0,0,0,0,0,0,"","",-1,-1,-1,-1,-1,-1,-1,-1,-1,-1,-1,-1,-1,-1,-1,-1,-1,-1,-1,-1,1.86,1.15,0.00,0.00,2.73,33,100,35,13,13,45,78,58,68,10.70,2.50,0.00,0.00,0.00,0.00,0.00,0.00,0.00,0.00,0.00,Etihad Stadium
1772654400,Mar 04 2026 - 8:00pm,incomplete,N/A,Newcastle United,Manchester United,N/A,29,1.80,1.00,1.80,1.00,0,0,0,0,0,0,"","",-1,-1,-1,-1,-1,-1,-1,-1,-1,-1,-1,-1,-1,-1,-1,-1,-1,-1,-1,-1,1.66,1.34,0.00,0.00,2.90,68,90,68,23,10,13,78,78,90,11.00,2.65,0.00,0.00,0.00,0.00,0.00,0.00,0.00,0.00,0.00,N/A
1772654400,Mar 04 2026 - 8:00pm,incomplete,N/A,Brighton & Hove Albion,Arsenal,N/A,29,2.00,2.25,2.00,2.25,0,0,0,0,0,0,"","",-1,-1,-1,-1,-1,-1,-1,-1,-1,-1,-1,-1,-1,-1,-1,-1,-1,-1,-1,-1,1.43,1.57,0.00,0.00,2.25,63,63,50,13,0,13,63,50,88,12.75,3.25,0.00,0.00,0.00,0.00,0.00,0.00,0.00,0.00,0.00,The American Express Community Stadium
1772654400,Mar 04 2026 - 8:00pm,incomplete,N/A,AFC Bournemouth,Brentford,N/A,29,2.60,0.75,2.60,0.75,0,0,0,0,0,0,"","",-1,-1,-1,-1,-1,-1,-1,-1,-1,-1,-1,-1,-1,-1,-1,-1,-1,-1,-1,-1,1.48,1.32,0.00,0.00,2.63,58,80,58,35,0,35,68,33,70,12.65,3.50,0.00,0.00,0.00,0.00,0.00,0.00,0.00,0.00,0.00,Vitality Stadium
1772654400,Mar 04 2026 - 8:00pm,incomplete,N/A,Leeds United,Sunderland,N/A,29,1.60,1.40,1.60,1.40,0,0,0,0,0,0,"","",-1,-1,-1,-1,-1,-1,-1,-1,-1,-1,-1,-1,-1,-1,-1,-1,-1,-1,-1,-1,1.59,0.99,0.00,0.00,1.90,40,60,40,10,0,50,60,20,60,8.00,3.40,0.00,0.00,0.00,0.00,0.00,0.00,0.00,0.00,0.00,Elland Road
1772654400,Mar 04 2026 - 8:00pm,incomplete,N/A,Tottenham Hotspur,Crystal Palace,N/A,29,1.00,1.40,1.00,1.40,0,0,0,0,0,0,"","",-1,-1,-1,-1,-1,-1,-1,-1,-1,-1,-1,-1,-1,-1,-1,-1,-1,-1,-1,-1,1.29,1.26,0.00,0.00,2.13,45,68,55,0,0,13,78,55,68,9.10,4.15,0.00,0.00,0.00,0.00,0.00,0.00,0.00,0.00,0.00,N/A
1772654400,Mar 04 2026 - 8:00pm,incomplete,N/A,Wolverhampton Wanderers,Liverpool,N/A,29,0.20,1.20,0.20,1.20,0,0,0,0,0,0,"","",-1,-1,-1,-1,-1,-1,-1,-1,-1,-1,-1,-1,-1,-1,-1,-1,-1,-1,-1,-1,1.39,1.76,0.00,0.00,3.70,80,90,80,60,40,50,90,60,90,8.40,3.40,0.00,0.00,0.00,0.00,0.00,0.00,0.00,0.00,0.00,Molineux Stadium
1773500400,Mar 14 2026 - 3:00pm,incomplete,N/A,Arsenal,Everton,N/A,30,2.60,0.75,2.60,0.75,0,0,0,0,0,0,"","",-1,-1,-1,-1,-1,-1,-1,-1,-1,-1,-1,-1,-1,-1,-1,-1,-1,-1,-1,-1,1.73,0.94,0.00,0.00,2.68,35,78,45,23,23,35,75,45,90,9.35,2.40,0.00,0.00,0.00,0.00,0.00,0.00,0.00,0.00,0.00,Emirates Stadium
1773500400,Mar 14 2026 - 3:00pm,incomplete,N/A,Manchester United,Aston Villa,N/A,30,2.40,1.25,2.40,1.25,0,0,0,0,0,0,"","",-1,-1,-1,-1,-1,-1,-1,-1,-1,-1,-1,-1,-1,-1,-1,-1,-1,-1,-1,-1,1.92,1.23,0.00,0.00,2.45,55,65,43,20,20,43,75,33,55,9.35,2.90,0.00,0.00,0.00,0.00,0.00,0.00,0.00,0.00,0.00,Old Trafford
1773500400,Mar 14 2026 - 3:00pm,incomplete,N/A,Chelsea,Newcastle United,N/A,30,1.40,0.75,1.40,0.75,0,0,0,0,0,0,"","",-1,-1,-1,-1,-1,-1,-1,-1,-1,-1,-1,-1,-1,-1,-1,-1,-1,-1,-1,-1,1.70,1.37,0.00,0.00,1.58,43,53,43,10,0,10,53,33,53,11.85,3.00,0.00,0.00,0.00,0.00,0.00,0.00,0.00,0.00,0.00,N/A
1773500400,Mar 14 2026 - 3:00pm,incomplete,N/A,Sunderland,Brighton & Hove Albion,N/A,30,2.50,0.80,2.50,0.80,0,0,0,0,0,0,"","",-1,-1,-1,-1,-1,-1,-1,-1,-1,-1,-1,-1,-1,-1,-1,-1,-1,-1,-1,-1,1.21,1.47,0.00,0.00,2.95,65,100,55,20,10,10,63,68,100,9.40,5.35,0.00,0.00,0.00,0.00,0.00,0.00,0.00,0.00,0.00,Stadium of Light
1773500400,Mar 14 2026 - 3:00pm,incomplete,N/A,Burnley,AFC Bournemouth,N/A,30,1.75,1.25,1.75,1.25,0,0,0,0,0,0,"","",-1,-1,-1,-1,-1,-1,-1,-1,-1,-1,-1,-1,-1,-1,-1,-1,-1,-1,-1,-1,0.81,1.46,0.00,0.00,3.00,50,75,38,38,25,38,75,50,75,8.50,4.25,0.00,0.00,0.00,0.00,0.00,0.00,0.00,0.00,0.00,Turf Moor
1773500400,Mar 14 2026 - 3:00pm,incomplete,N/A,Crystal Palace,Leeds United,N/A,30,1.50,0.75,1.50,0.75,0,0,0,0,0,0,"","",-1,-1,-1,-1,-1,-1,-1,-1,-1,-1,-1,-1,-1,-1,-1,-1,-1,-1,-1,-1,1.68,1.15,0.00,0.00,2.88,50,75,50,38,25,38,75,38,75,6.00,3.00,0.00,0.00,0.00,0.00,0.00,0.00,0.00,0.00,0.00,Selhurst Park
1773500400,Mar 14 2026 - 3:00pm,incomplete,N/A,Brentford,Wolverhampton Wanderers,N/A,30,2.00,0.25,2.00,0.25,0,0,0,0,0,0,"","",-1,-1,-1,-1,-1,-1,-1,-1,-1,-1,-1,-1,-1,-1,-1,-1,-1,-1,-1,-1,1.24,1.12,0.00,0.00,2.25,43,55,30,30,10,20,88,33,55,8.30,4.90,0.00,0.00,0.00,0.00,0.00,0.00,0.00,0.00,0.00,N/A
1773500400,Mar 14 2026 - 3:00pm,incomplete,N/A,Liverpool,Tottenham Hotspur,N/A,30,2.25,2.60,2.25,2.60,0,0,0,0,0,0,"","",-1,-1,-1,-1,-1,-1,-1,-1,-1,-1,-1,-1,-1,-1,-1,-1,-1,-1,-1,-1,1.67,1.24,0.00,0.00,3.13,58,88,78,23,13,53,78,35,90,12.55,3.25,0.00,0.00,0.00,0.00,0.00,0.00,0.00,0.00,0.00,Anfield
1773500400,Mar 14 2026 - 3:00pm,incomplete,N/A,Nottingham Forest,Fulham,N/A,30,0.75,0.20,0.75,0.20,0,0,0,0,0,0,"","",-1,-1,-1,-1,-1,-1,-1,-1,-1,-1,-1,-1,-1,-1,-1,-1,-1,-1,-1,-1,1.68,1.26,0.00,0.00,2.88,53,88,68,33,0,23,55,65,88,10.70,4.15,0.00,0.00,0.00,0.00,0.00,0.00,0.00,0.00,0.00,The City Ground
1773500400,Mar 14 2026 - 3:00pm,incomplete,N/A,West Ham United,Manchester City,N/A,30,0.00,1.40,0.00,1.40,0,0,0,0,0,0,"","",-1,-1,-1,-1,-1,-1,-1,-1,-1,-1,-1,-1,-1,-1,-1,-1,-1,-1,-1,-1,1.07,1.39,0.00,0.00,2.85,45,80,58,23,13,23,88,58,80,8.95,3.90,0.00,0.00,0.00,0.00,0.00,0.00,0.00,0.00,0.00,London Stadium
1774105200,Mar 21 2026 - 3:00pm,incomplete,N/A,Wolverhampton Wanderers,Arsenal,N/A,31,0.20,2.25,0.20,2.25,0,0,0,0,0,0,"","",-1,-1,-1,-1,-1,-1,-1,-1,-1,-1,-1,-1,-1,-1,-1,-1,-1,-1,-1,-1,1.39,1.57,0.00,0.00,2.75,53,63,53,40,20,40,75,33,78,11.70,2.75,0.00,0.00,0.00,0.00,0.00,0.00,0.00,0.00,0.00,Molineux Stadium
1774105200,Mar 21 2026 - 3:00pm,incomplete,N/A,Newcastle United,Sunderland,N/A,31,1.80,1.40,1.80,1.40,0,0,0,0,0,0,"","",-1,-1,-1,-1,-1,-1,-1,-1,-1,-1,-1,-1,-1,-1,-1,-1,-1,-1,-1,-1,1.66,0.99,0.00,0.00,2.20,40,70,40,10,10,20,70,50,60,9.80,3.20,0.00,0.00,0.00,0.00,0.00,0.00,0.00,0.00,0.00,N/A
1774105200,Mar 21 2026 - 3:00pm,incomplete,N/A,Aston Villa,West Ham United,N/A,31,2.00,0.80,2.00,0.80,0,0,0,0,0,0,"","",-1,-1,-1,-1,-1,-1,-1,-1,-1,-1,-1,-1,-1,-1,-1,-1,-1,-1,-1,-1,1.20,1.21,0.00,0.00,2.40,40,80,60,10,0,20,70,50,80,10.40,4.00,0.00,0.00,0.00,0.00,0.00,0.00,0.00,0.00,0.00,N/A
1774105200,Mar 21 2026 - 3:00pm,incomplete,N/A,Everton,Chelsea,N/A,31,1.60,1.75,1.60,1.75,0,0,0,0,0,0,"","",-1,-1,-1,-1,-1,-1,-1,-1,-1,-1,-1,-1,-1,-1,-1,-1,-1,-1,-1,-1,1.59,1.50,0.00,0.00,3.00,58,90,70,25,13,35,78,48,90,9.70,6.30,0.00,0.00,0.00,0.00,0.00,0.00,0.00,0.00,0.00,N/A
1774105200,Mar 21 2026 - 3:00pm,incomplete,N/A,Brighton & Hove Albion,Liverpool,N/A,31,2.00,1.20,2.00,1.20,0,0,0,0,0,0,"","",-1,-1,-1,-1,-1,-1,-1,-1,-1,-1,-1,-1,-1,-1,-1,-1,-1,-1,-1,-1,1.43,1.76,0.00,0.00,3.20,90,90,78,33,20,23,78,78,100,9.45,3.90,0.00,0.00,0.00,0.00,0.00,0.00,0.00,0.00,0.00,The American Express Community Stadium
1774105200,Mar 21 2026 - 3:00pm,incomplete,N/A,Leeds United,Brentford,N/A,31,1.60,0.75,1.60,0.75,0,0,0,0,0,0,"","",-1,-1,-1,-1,-1,-1,-1,-1,-1,-1,-1,-1,-1,-1,-1,-1,-1,-1,-1,-1,1.59,1.32,0.00,0.00,2.73,68,80,68,35,0,55,68,23,90,12.45,3.10,0.00,0.00,0.00,0.00,0.00,0.00,0.00,0.00,0.00,Elland Road
1774105200,Mar 21 2026 - 3:00pm,incomplete,N/A,Manchester City,Crystal Palace,N/A,31,2.25,1.40,2.25,1.40,0,0,0,0,0,0,"","",-1,-1,-1,-1,-1,-1,-1,-1,-1,-1,-1,-1,-1,-1,-1,-1,-1,-1,-1,-1,1.86,1.26,0.00,0.00,2.63,33,80,55,13,13,25,78,68,68,11.10,2.90,0.00,0.00,0.00,0.00,0.00,0.00,0.00,0.00,0.00,Etihad Stadium
1774105200,Mar 21 2026 - 3:00pm,incomplete,N/A,Tottenham Hotspur,Nottingham Forest,N/A,31,1.00,0.40,1.00,0.40,0,0,0,0,0,0,"","",-1,-1,-1,-1,-1,-1,-1,-1,-1,-1,-1,-1,-1,-1,-1,-1,-1,-1,-1,-1,1.29,1.15,0.00,0.00,2.23,45,88,35,0,0,33,78,45,68,8.70,3.75,0.00,0.00,0.00,0.00,0.00,0.00,0.00,0.00,0.00,N/A
1774105200,Mar 21 2026 - 3:00pm,incomplete,N/A,AFC Bournemouth,Manchester United,N/A,31,2.60,1.00,2.60,1.00,0,0,0,0,0,0,"","",-1,-1,-1,-1,-1,-1,-1,-1,-1,-1,-1,-1,-1,-1,-1,-1,-1,-1,-1,-1,1.48,1.34,0.00,0.00,2.50,58,80,58,23,0,23,68,58,70,9.40,3.25,0.00,0.00,0.00,0.00,0.00,0.00,0.00,0.00,0.00,Vitality Stadium
1774105200,Mar 21 2026 - 3:00pm,incomplete,N/A,Fulham,Burnley,N/A,31,1.75,0.60,1.75,0.60,0,0,0,0,0,0,"","",-1,-1,-1,-1,-1,-1,-1,-1,-1,-1,-1,-1,-1,-1,-1,-1,-1,-1,-1,-1,1.14,1.04,0.00,0.00,3.20,65,75,63,43,30,33,63,53,100,8.00,3.30,0.00,0.00,0.00,0.00,0.00,0.00,0.00,0.00,0.00,Craven Cottage
1775916000,Apr 11 2026 - 2:00pm,incomplete,N/A,Brentford,Everton,N/A,32,2.00,0.75,2.00,0.75,0,0,0,0,0,0,"","",-1,-1,-1,-1,-1,-1,-1,-1,-1,-1,-1,-1,-1,-1,-1,-1,-1,-1,-1,-1,1.24,0.94,0.00,0.00,2.88,55,68,55,43,23,45,75,45,80,6.55,4.40,0.00,0.00,0.00,0.00,0.00,0.00,0.00,0.00,0.00,N/A
1775916000,Apr 11 2026 - 2:00pm,incomplete,N/A,Arsenal,AFC Bournemouth,N/A,32,2.60,1.25,2.60,1.25,0,0,0,0,0,0,"","",-1,-1,-1,-1,-1,-1,-1,-1,-1,-1,-1,-1,-1,-1,-1,-1,-1,-1,-1,-1,1.73,1.46,0.00,0.00,3.43,48,78,58,48,35,35,100,58,78,12.60,3.40,0.00,0.00,0.00,0.00,0.00,0.00,0.00,0.00,0.00,Emirates Stadium
1775916000,Apr 11 2026 - 2:00pm,incomplete,N/A,Manchester United,Leeds United,N/A,32,2.40,0.75,2.40,0.75,0,0,0,0,0,0,"","",-1,-1,-1,-1,-1,-1,-1,-1,-1,-1,-1,-1,-1,-1,-1,-1,-1,-1,-1,-1,1.92,1.15,0.00,0.00,3.20,43,78,55,45,33,55,88,33,68,6.10,2.90,0.00,0.00,0.00,0.00,0.00,0.00,0.00,0.00,0.00,Old Trafford
1775916000,Apr 11 2026 - 2:00pm,incomplete,N/A,West Ham United,Wolverhampton Wanderers,N/A,32,0.00,0.25,0.00,0.25,0,0,0,0,0,0,"","",-1,-1,-1,-1,-1,-1,-1,-1,-1,-1,-1,-1,-1,-1,-1,-1,-1,-1,-1,-1,1.07,1.12,0.00,0.00,2.50,38,75,38,13,13,13,75,50,75,10.25,4.00,0.00,0.00,0.00,0.00,0.00,0.00,0.00,0.00,0.00,London Stadium
1775916000,Apr 11 2026 - 2:00pm,incomplete,N/A,Nottingham Forest,Aston Villa,N/A,32,0.75,1.25,0.75,1.25,0,0,0,0,0,0,"","",-1,-1,-1,-1,-1,-1,-1,-1,-1,-1,-1,-1,-1,-1,-1,-1,-1,-1,-1,-1,1.68,1.23,0.00,0.00,2.13,38,63,50,13,0,25,50,38,63,12.25,3.25,0.00,0.00,0.00,0.00,0.00,0.00,0.00,0.00,0.00,The City Ground
1775916000,Apr 11 2026 - 2:00pm,incomplete,N/A,Sunderland,Tottenham Hotspur,N/A,32,2.50,2.60,2.50,2.60,0,0,0,0,0,0,"","",-1,-1,-1,-1,-1,-1,-1,-1,-1,-1,-1,-1,-1,-1,-1,-1,-1,-1,-1,-1,1.21,1.24,0.00,0.00,2.75,45,100,65,10,0,40,53,48,90,10.80,3.75,0.00,0.00,0.00,0.00,0.00,0.00,0.00,0.00,0.00,Stadium of Light
1775916000,Apr 11 2026 - 2:00pm,incomplete,N/A,Burnley,Brighton & Hove Albion,N/A,32,1.75,0.80,1.75,0.80,0,0,0,0,0,0,"","",-1,-1,-1,-1,-1,-1,-1,-1,-1,-1,-1,-1,-1,-1,-1,-1,-1,-1,-1,-1,0.81,1.47,0.00,0.00,2.58,53,88,30,20,10,23,75,43,88,7.90,4.85,0.00,0.00,0.00,0.00,0.00,0.00,0.00,0.00,0.00,Turf Moor
1775916000,Apr 11 2026 - 2:00pm,incomplete,N/A,Crystal Palace,Newcastle United,N/A,32,1.50,0.75,1.50,0.75,0,0,0,0,0,0,"","",-1,-1,-1,-1,-1,-1,-1,-1,-1,-1,-1,-1,-1,-1,-1,-1,-1,-1,-1,-1,1.68,1.37,0.00,0.00,1.75,50,50,38,13,13,13,50,38,50,7.75,2.50,0.00,0.00,0.00,0.00,0.00,0.00,0.00,0.00,0.00,Selhurst Park
1775916000,Apr 11 2026 - 2:00pm,incomplete,N/A,Chelsea,Manchester City,N/A,32,1.40,1.40,1.40,1.40,0,0,0,0,0,0,"","",-1,-1,-1,-1,-1,-1,-1,-1,-1,-1,-1,-1,-1,-1,-1,-1,-1,-1,-1,-1,1.70,1.39,0.00,0.00,2.30,50,70,50,20,0,20,90,40,70,10.80,4.40,0.00,0.00,0.00,0.00,0.00,0.00,0.00,0.00,0.00,N/A
1775916000,Apr 11 2026 - 2:00pm,incomplete,N/A,Liverpool,Fulham,N/A,32,2.25,0.20,2.25,0.20,0,0,0,0,0,0,"","",-1,-1,-1,-1,-1,-1,-1,-1,-1,-1,-1,-1,-1,-1,-1,-1,-1,-1,-1,-1,1.67,1.26,0.00,0.00,3.13,78,88,68,33,13,23,68,65,100,9.95,3.65,0.00,0.00,0.00,0.00,0.00,0.00,0.00,0.00,0.00,Anfield
1776520800,Apr 18 2026 - 2:00pm,incomplete,N/A,Chelsea,Manchester United,N/A,33,1.40,1.00,1.40,1.00,0,0,0,0,0,0,"","",-1,-1,-1,-1,-1,-1,-1,-1,-1,-1,-1,-1,-1,-1,-1,-1,-1,-1,-1,-1,1.70,1.34,0.00,0.00,2.70,68,90,68,23,0,23,78,58,90,11.60,3.25,0.00,0.00,0.00,0.00,0.00,0.00,0.00,0.00,0.00,N/A
1776520800,Apr 18 2026 - 2:00pm,incomplete,N/A,Manchester City,Arsenal,N/A,33,2.25,2.25,2.25,2.25,0,0,0,0,0,0,"","",-1,-1,-1,-1,-1,-1,-1,-1,-1,-1,-1,-1,-1,-1,-1,-1,-1,-1,-1,-1,1.86,1.57,0.00,0.00,2.38,25,63,38,13,13,25,63,50,75,16.00,2.25,0.00,0.00,0.00,0.00,0.00,0.00,0.00,0.00,0.00,Etihad Stadium
1776520800,Apr 18 2026 - 2:00pm,incomplete,N/A,Brentford,Fulham,N/A,33,2.00,0.20,2.00,0.20,0,0,0,0,0,0,"","",-1,-1,-1,-1,-1,-1,-1,-1,-1,-1,-1,-1,-1,-1,-1,-1,-1,-1,-1,-1,1.24,1.26,0.00,0.00,3.00,70,80,60,50,10,30,80,60,80,8.00,4.80,0.00,0.00,0.00,0.00,0.00,0.00,0.00,0.00,0.00,N/A
1776520800,Apr 18 2026 - 2:00pm,incomplete,N/A,Newcastle United,AFC Bournemouth,N/A,33,1.80,1.25,1.80,1.25,0,0,0,0,0,0,"","",-1,-1,-1,-1,-1,-1,-1,-1,-1,-1,-1,-1,-1,-1,-1,-1,-1,-1,-1,-1,1.66,1.46,0.00,0.00,3.53,68,78,68,48,35,25,90,78,78,13.00,4.40,0.00,0.00,0.00,0.00,0.00,0.00,0.00,0.00,0.00,N/A
1776520800,Apr 18 2026 - 2:00pm,incomplete,N/A,Nottingham Forest,Burnley,N/A,33,0.75,0.60,0.75,0.60,0,0,0,0,0,0,"","",-1,-1,-1,-1,-1,-1,-1,-1,-1,-1,-1,-1,-1,-1,-1,-1,-1,-1,-1,-1,1.68,1.04,0.00,0.00,3.58,53,88,88,43,30,33,75,65,88,9.50,3.55,0.00,0.00,0.00,0.00,0.00,0.00,0.00,0.00,0.00,The City Ground
1776520800,Apr 18 2026 - 2:00pm,incomplete,N/A,Aston Villa,Sunderland,N/A,33,2.00,1.40,2.00,1.40,0,0,0,0,0,0,"","",-1,-1,-1,-1,-1,-1,-1,-1,-1,-1,-1,-1,-1,-1,-1,-1,-1,-1,-1,-1,1.20,0.99,0.00,0.00,1.90,30,60,40,10,0,30,70,40,50,8.00,3.80,0.00,0.00,0.00,0.00,0.00,0.00,0.00,0.00,0.00,N/A
1776520800,Apr 18 2026 - 2:00pm,incomplete,N/A,Crystal Palace,West Ham United,N/A,33,1.50,0.80,1.50,0.80,0,0,0,0,0,0,"","",-1,-1,-1,-1,-1,-1,-1,-1,-1,-1,-1,-1,-1,-1,-1,-1,-1,-1,-1,-1,1.68,1.21,0.00,0.00,2.68,58,88,55,13,13,23,68,45,88,8.70,3.50,0.00,0.00,0.00,0.00,0.00,0.00,0.00,0.00,0.00,Selhurst Park
1776520800,Apr 18 2026 - 2:00pm,incomplete,N/A,Everton,Liverpool,N/A,33,1.60,1.20,1.60,1.20,0,0,0,0,0,0,"","",-1,-1,-1,-1,-1,-1,-1,-1,-1,-1,-1,-1,-1,-1,-1,-1,-1,-1,-1,-1,1.59,1.76,0.00,0.00,2.70,60,80,60,20,20,20,80,50,90,10.40,5.20,0.00,0.00,0.00,0.00,0.00,0.00,0.00,0.00,0.00,N/A
1776520800,Apr 18 2026 - 2:00pm,incomplete,N/A,Tottenham Hotspur,Brighton & Hove Albion,N/A,33,1.00,0.80,1.00,0.80,0,0,0,0,0,0,"","",-1,-1,-1,-1,-1,-1,-1,-1,-1,-1,-1,-1,-1,-1,-1,-1,-1,-1,-1,-1,1.29,1.47,0.00,0.00,2.83,65,88,55,20,10,23,88,55,88,10.90,5.35,0.00,0.00,0.00,0.00,0.00,0.00,0.00,0.00,0.00,N/A
1776520800,Apr 18 2026 - 2:00pm,incomplete,N/A,Leeds United,Wolverhampton Wanderers,N/A,33,1.60,0.25,1.60,0.25,0,0,0,0,0,0,"","",-1,-1,-1,-1,-1,-1,-1,-1,-1,-1,-1,-1,-1,-1,-1,-1,-1,-1,-1,-1,1.59,1.12,0.00,0.00,1.85,43,55,30,10,0,30,68,23,65,9.70,4.10,0.00,0.00,0.00,0.00,0.00,0.00,0.00,0.00,0.00,Elland Road
1777125600,Apr 25 2026 - 2:00pm,incomplete,N/A,Arsenal,Newcastle United,N/A,34,2.60,0.75,2.60,0.75,0,0,0,0,0,0,"","",-1,-1,-1,-1,-1,-1,-1,-1,-1,-1,-1,-1,-1,-1,-1,-1,-1,-1,-1,-1,1.73,1.37,0.00,0.00,1.68,23,53,33,10,10,10,63,33,53,10.85,1.40,0.00,0.00,0.00,0.00,0.00,0.00,0.00,0.00,0.00,Emirates Stadium
1777125600,Apr 25 2026 - 2:00pm,incomplete,N/A,AFC Bournemouth,Leeds United,N/A,34,2.60,0.75,2.60,0.75,0,0,0,0,0,0,"","",-1,-1,-1,-1,-1,-1,-1,-1,-1,-1,-1,-1,-1,-1,-1,-1,-1,-1,-1,-1,1.48,1.15,0.00,0.00,2.50,33,68,45,35,13,35,68,33,58,7.90,3.50,0.00,0.00,0.00,0.00,0.00,0.00,0.00,0.00,0.00,Vitality Stadium
1777125600,Apr 25 2026 - 2:00pm,incomplete,N/A,Sunderland,Nottingham Forest,N/A,34,2.50,0.40,2.50,0.40,0,0,0,0,0,0,"","",-1,-1,-1,-1,-1,-1,-1,-1,-1,-1,-1,-1,-1,-1,-1,-1,-1,-1,-1,-1,1.21,1.15,0.00,0.00,2.35,45,100,35,0,0,20,53,58,80,7.20,3.75,0.00,0.00,0.00,0.00,0.00,0.00,0.00,0.00,0.00,Stadium of Light
1777125600,Apr 25 2026 - 2:00pm,incomplete,N/A,West Ham United,Everton,N/A,34,0.00,0.75,0.00,0.75,0,0,0,0,0,0,"","",-1,-1,-1,-1,-1,-1,-1,-1,-1,-1,-1,-1,-1,-1,-1,-1,-1,-1,-1,-1,1.07,0.94,0.00,0.00,3.13,50,88,63,25,25,38,63,63,100,8.50,3.50,0.00,0.00,0.00,0.00,0.00,0.00,0.00,0.00,0.00,London Stadium
1777125600,Apr 25 2026 - 2:00pm,incomplete,N/A,Fulham,Aston Villa,N/A,34,1.75,1.25,1.75,1.25,0,0,0,0,0,0,"","",-1,-1,-1,-1,-1,-1,-1,-1,-1,-1,-1,-1,-1,-1,-1,-1,-1,-1,-1,-1,1.14,1.23,0.00,0.00,1.75,50,50,25,13,0,25,38,25,75,10.75,3.00,0.00,0.00,0.00,0.00,0.00,0.00,0.00,0.00,0.00,Craven Cottage
1777125600,Apr 25 2026 - 2:00pm,incomplete,N/A,Manchester United,Brentford,N/A,34,2.40,0.75,2.40,0.75,0,0,0,0,0,0,"","",-1,-1,-1,-1,-1,-1,-1,-1,-1,-1,-1,-1,-1,-1,-1,-1,-1,-1,-1,-1,1.92,1.32,0.00,0.00,3.33,68,90,68,45,20,55,88,33,80,10.85,2.90,0.00,0.00,0.00,0.00,0.00,0.00,0.00,0.00,0.00,Old Trafford
1777125600,Apr 25 2026 - 2:00pm,incomplete,N/A,Liverpool,Crystal Palace,N/A,34,2.25,1.40,2.25,1.40,0,0,0,0,0,0,"","",-1,-1,-1,-1,-1,-1,-1,-1,-1,-1,-1,-1,-1,-1,-1,-1,-1,-1,-1,-1,1.67,1.26,0.00,0.00,2.63,58,68,68,13,13,13,78,55,80,9.35,3.65,0.00,0.00,0.00,0.00,0.00,0.00,0.00,0.00,0.00,Anfield
1777125600,Apr 25 2026 - 2:00pm,incomplete,N/A,Wolverhampton Wanderers,Tottenham Hotspur,N/A,34,0.20,2.60,0.20,2.60,0,0,0,0,0,0,"","",-1,-1,-1,-1,-1,-1,-1,-1,-1,-1,-1,-1,-1,-1,-1,-1,-1,-1,-1,-1,1.39,1.24,0.00,0.00,3.50,60,100,80,50,20,80,90,30,80,10.00,3.00,0.00,0.00,0.00,0.00,0.00,0.00,0.00,0.00,0.00,Molineux Stadium
1777125600,Apr 25 2026 - 2:00pm,incomplete,N/A,Brighton & Hove Albion,Chelsea,N/A,34,2.00,1.75,2.00,1.75,0,0,0,0,0,0,"","",-1,-1,-1,-1,-1,-1,-1,-1,-1,-1,-1,-1,-1,-1,-1,-1,-1,-1,-1,-1,1.43,1.50,0.00,0.00,3.50,88,100,88,38,13,38,75,75,100,8.75,5.00,0.00,0.00,0.00,0.00,0.00,0.00,0.00,0.00,0.00,The American Express Community Stadium
1777125600,Apr 25 2026 - 2:00pm,incomplete,N/A,Burnley,Manchester City,N/A,34,1.75,1.40,1.75,1.40,0,0,0,0,0,0,"","",-1,-1,-1,-1,-1,-1,-1,-1,-1,-1,-1,-1,-1,-1,-1,-1,-1,-1,-1,-1,0.81,1.39,0.00,0.00,1.98,33,68,20,10,0,23,75,33,68,5.70,3.65,0.00,0.00,0.00,0.00,0.00,0.00,0.00,0.00,0.00,Turf Moor
1777730400,May 02 2026 - 2:00pm,incomplete,N/A,Everton,Manchester City,N/A,35,1.60,1.40,1.60,1.40,0,0,0,0,0,0,"","",-1,-1,-1,-1,-1,-1,-1,-1,-1,-1,-1,-1,-1,-1,-1,-1,-1,-1,-1,-1,1.59,1.39,0.00,0.00,2.10,40,70,40,10,0,20,90,30,70,8.40,5.20,0.00,0.00,0.00,0.00,0.00,0.00,0.00,0.00,0.00,N/A
1777730400,May 02 2026 - 2:00pm,incomplete,N/A,Brentford,West Ham United,N/A,35,2.00,0.80,2.00,0.80,0,0,0,0,0,0,"","",-1,-1,-1,-1,-1,-1,-1,-1,-1,-1,-1,-1,-1,-1,-1,-1,-1,-1,-1,-1,1.24,1.21,0.00,0.00,2.80,50,80,60,30,10,30,80,40,80,9.00,4.40,0.00,0.00,0.00,0.00,0.00,0.00,0.00,0.00,0.00,N/A
1777730400,May 02 2026 - 2:00pm,incomplete,N/A,Chelsea,Nottingham Forest,N/A,35,1.40,0.40,1.40,0.40,0,0,0,0,0,0,"","",-1,-1,-1,-1,-1,-1,-1,-1,-1,-1,-1,-1,-1,-1,-1,-1,-1,-1,-1,-1,1.70,1.15,0.00,0.00,2.30,50,90,40,10,0,30,80,40,70,10.80,4.00,0.00,0.00,0.00,0.00,0.00,0.00,0.00,0.00,0.00,N/A
1777730400,May 02 2026 - 2:00pm,incomplete,N/A,Arsenal,Fulham,N/A,35,2.60,0.20,2.60,0.20,0,0,0,0,0,0,"","",-1,-1,-1,-1,-1,-1,-1,-1,-1,-1,-1,-1,-1,-1,-1,-1,-1,-1,-1,-1,1.73,1.26,0.00,0.00,2.80,50,90,50,30,10,20,80,60,90,10.80,2.80,0.00,0.00,0.00,0.00,0.00,0.00,0.00,0.00,0.00,Emirates Stadium
1777730400,May 02 2026 - 2:00pm,incomplete,N/A,Aston Villa,Tottenham Hotspur,N/A,35,2.00,2.60,2.00,2.60,0,0,0,0,0,0,"","",-1,-1,-1,-1,-1,-1,-1,-1,-1,-1,-1,-1,-1,-1,-1,-1,-1,-1,-1,-1,1.20,1.24,0.00,0.00,2.60,40,80,70,20,0,50,80,40,70,12.00,4.00,0.00,0.00,0.00,0.00,0.00,0.00,0.00,0.00,0.00,N/A
1777730400,May 02 2026 - 2:00pm,incomplete,N/A,Manchester United,Liverpool,N/A,35,2.40,1.20,2.40,1.20,0,0,0,0,0,0,"","",-1,-1,-1,-1,-1,-1,-1,-1,-1,-1,-1,-1,-1,-1,-1,-1,-1,-1,-1,-1,1.92,1.76,0.00,0.00,3.40,70,80,70,40,40,40,90,60,80,8.80,3.80,0.00,0.00,0.00,0.00,0.00,0.00,0.00,0.00,0.00,Old Trafford
1777730400,May 02 2026 - 2:00pm,incomplete,N/A,Newcastle United,Brighton & Hove Albion,N/A,35,1.80,0.80,1.80,0.80,0,0,0,0,0,0,"","",-1,-1,-1,-1,-1,-1,-1,-1,-1,-1,-1,-1,-1,-1,-1,-1,-1,-1,-1,-1,1.66,1.47,0.00,0.00,3.10,70,90,60,30,20,10,90,70,90,12.40,5.00,0.00,0.00,0.00,0.00,0.00,0.00,0.00,0.00,0.00,N/A
1777730400,May 02 2026 - 2:00pm,incomplete,N/A,Wolverhampton Wanderers,Sunderland,N/A,35,0.20,1.40,0.20,1.40,0,0,0,0,0,0,"","",-1,-1,-1,-1,-1,-1,-1,-1,-1,-1,-1,-1,-1,-1,-1,-1,-1,-1,-1,-1,1.39,0.99,0.00,0.00,2.80,50,80,50,40,20,60,80,30,60,6.00,2.80,0.00,0.00,0.00,0.00,0.00,0.00,0.00,0.00,0.00,Molineux Stadium
1777730400,May 02 2026 - 2:00pm,incomplete,N/A,AFC Bournemouth,Crystal Palace,N/A,35,2.60,1.40,2.60,1.40,0,0,0,0,0,0,"","",-1,-1,-1,-1,-1,-1,-1,-1,-1,-1,-1,-1,-1,-1,-1,-1,-1,-1,-1,-1,1.48,1.26,0.00,0.00,2.00,40,60,50,10,0,10,70,50,50,9.00,4.40,0.00,0.00,0.00,0.00,0.00,0.00,0.00,0.00,0.00,Vitality Stadium
1777730400,May 02 2026 - 2:00pm,incomplete,N/A,Leeds United,Burnley,N/A,35,1.60,0.60,1.60,0.60,0,0,0,0,0,0,"","",-1,-1,-1,-1,-1,-1,-1,-1,-1,-1,-1,-1,-1,-1,-1,-1,-1,-1,-1,-1,1.59,1.04,0.00,0.00,3.30,70,80,80,40,30,50,80,50,90,8.20,3.40,0.00,0.00,0.00,0.00,0.00,0.00,0.00,0.00,0.00,Elland Road
1778335200,May 09 2026 - 2:00pm,incomplete,N/A,Sunderland,Manchester United,N/A,36,2.50,1.00,2.50,1.00,0,0,0,0,0,0,"","",-1,-1,-1,-1,-1,-1,-1,-1,-1,-1,-1,-1,-1,-1,-1,-1,-1,-1,-1,-1,1.21,1.34,0.00,0.00,2.75,63,100,63,13,0,13,50,75,100,8.00,3.00,0.00,0.00,0.00,0.00,0.00,0.00,0.00,0.00,0.00,Stadium of Light
1778335200,May 09 2026 - 2:00pm,incomplete,N/A,Liverpool,Chelsea,N/A,36,2.25,1.75,2.25,1.75,0,0,0,0,0,0,"","",-1,-1,-1,-1,-1,-1,-1,-1,-1,-1,-1,-1,-1,-1,-1,-1,-1,-1,-1,-1,1.67,1.50,0.00,0.00,3.63,75,88,88,38,25,38,75,63,100,10.25,4.75,0.00,0.00,0.00,0.00,0.00,0.00,0.00,0.00,0.00,Anfield
1778335200,May 09 2026 - 2:00pm,incomplete,N/A,Tottenham Hotspur,Leeds United,N/A,36,1.00,0.75,1.00,0.75,0,0,0,0,0,0,"","",-1,-1,-1,-1,-1,-1,-1,-1,-1,-1,-1,-1,-1,-1,-1,-1,-1,-1,-1,-1,1.29,1.15,0.00,0.00,2.63,38,75,50,25,13,38,75,38,75,8.00,3.25,0.00,0.00,0.00,0.00,0.00,0.00,0.00,0.00,0.00,N/A
1778335200,May 09 2026 - 2:00pm,incomplete,N/A,Manchester City,Brentford,N/A,36,2.25,0.75,2.25,0.75,0,0,0,0,0,0,"","",-1,-1,-1,-1,-1,-1,-1,-1,-1,-1,-1,-1,-1,-1,-1,-1,-1,-1,-1,-1,1.86,1.32,0.00,0.00,3.25,50,100,63,38,13,50,75,50,88,14.75,2.00,0.00,0.00,0.00,0.00,0.00,0.00,0.00,0.00,0.00,Etihad Stadium
1778335200,May 09 2026 - 2:00pm,incomplete,N/A,Brighton & Hove Albion,Wolverhampton Wanderers,N/A,36,2.00,0.25,2.00,0.25,0,0,0,0,0,0,"","",-1,-1,-1,-1,-1,-1,-1,-1,-1,-1,-1,-1,-1,-1,-1,-1,-1,-1,-1,-1,1.43,1.12,0.00,0.00,2.25,63,75,38,13,0,13,75,50,75,8.75,4.00,0.00,0.00,0.00,0.00,0.00,0.00,0.00,0.00,0.00,The American Express Community Stadium
1778335200,May 09 2026 - 2:00pm,incomplete,N/A,Crystal Palace,Everton,N/A,36,1.50,0.75,1.50,0.75,0,0,0,0,0,0,"","",-1,-1,-1,-1,-1,-1,-1,-1,-1,-1,-1,-1,-1,-1,-1,-1,-1,-1,-1,-1,1.68,0.94,0.00,0.00,2.75,63,75,50,25,25,38,63,50,88,6.25,3.50,0.00,0.00,0.00,0.00,0.00,0.00,0.00,0.00,0.00,Selhurst Park
1778335200,May 09 2026 - 2:00pm,incomplete,N/A,Fulham,AFC Bournemouth,N/A,36,1.75,1.25,1.75,1.25,0,0,0,0,0,0,"","",-1,-1,-1,-1,-1,-1,-1,-1,-1,-1,-1,-1,-1,-1,-1,-1,-1,-1,-1,-1,1.14,1.46,0.00,0.00,3.13,63,63,50,50,25,38,63,50,88,11.00,4.50,0.00,0.00,0.00,0.00,0.00,0.00,0.00,0.00,0.00,Craven Cottage
1778335200,May 09 2026 - 2:00pm,incomplete,N/A,Burnley,Aston Villa,N/A,36,1.75,1.25,1.75,1.25,0,0,0,0,0,0,"","",-1,-1,-1,-1,-1,-1,-1,-1,-1,-1,-1,-1,-1,-1,-1,-1,-1,-1,-1,-1,0.81,1.23,0.00,0.00,1.63,38,63,13,0,0,25,50,25,63,8.25,2.75,0.00,0.00,0.00,0.00,0.00,0.00,0.00,0.00,0.00,Turf Moor
1778335200,May 09 2026 - 2:00pm,incomplete,N/A,Nottingham Forest,Newcastle United,N/A,36,0.75,0.75,0.75,0.75,0,0,0,0,0,0,"","",-1,-1,-1,-1,-1,-1,-1,-1,-1,-1,-1,-1,-1,-1,-1,-1,-1,-1,-1,-1,1.68,1.37,0.00,0.00,1.75,25,50,50,13,0,13,38,38,50,10.75,2.75,0.00,0.00,0.00,0.00,0.00,0.00,0.00,0.00,0.00,The City Ground
1778335200,May 09 2026 - 2:00pm,incomplete,N/A,West Ham United,Arsenal,N/A,36,0.00,2.25,0.00,2.25,0,0,0,0,0,0,"","",-1,-1,-1,-1,-1,-1,-1,-1,-1,-1,-1,-1,-1,-1,-1,-1,-1,-1,-1,-1,1.07,1.57,0.00,0.00,2.50,38,63,50,13,13,13,63,50,88,14.25,3.25,0.00,0.00,0.00,0.00,0.00,0.00,0.00,0.00,0.00,London Stadium
1779026400,May 17 2026 - 2:00pm,incomplete,N/A,Everton,Sunderland,N/A,37,1.60,1.40,1.60,1.40,0,0,0,0,0,0,"","",-1,-1,-1,-1,-1,-1,-1,-1,-1,-1,-1,-1,-1,-1,-1,-1,-1,-1,-1,-1,1.59,0.99,0.00,0.00,1.80,30,70,30,0,0,30,70,20,60,8.00,4.60,0.00,0.00,0.00,0.00,0.00,0.00,0.00,0.00,0.00,N/A
1779026400,May 17 2026 - 2:00pm,incomplete,N/A,Arsenal,Burnley,N/A,37,2.60,0.60,2.60,0.60,0,0,0,0,0,0,"","",-1,-1,-1,-1,-1,-1,-1,-1,-1,-1,-1,-1,-1,-1,-1,-1,-1,-1,-1,-1,1.73,1.04,0.00,0.00,3.50,50,90,70,40,40,30,100,60,90,9.60,2.20,0.00,0.00,0.00,0.00,0.00,0.00,0.00,0.00,0.00,Emirates Stadium
1779026400,May 17 2026 - 2:00pm,incomplete,N/A,Brentford,Crystal Palace,N/A,37,2.00,1.40,2.00,1.40,0,0,0,0,0,0,"","",-1,-1,-1,-1,-1,-1,-1,-1,-1,-1,-1,-1,-1,-1,-1,-1,-1,-1,-1,-1,1.24,1.26,0.00,0.00,2.50,50,60,60,30,10,20,90,50,60,7.40,4.80,0.00,0.00,0.00,0.00,0.00,0.00,0.00,0.00,0.00,N/A
1779026400,May 17 2026 - 2:00pm,incomplete,N/A,Leeds United,Brighton & Hove Albion,N/A,37,1.60,0.80,1.60,0.80,0,0,0,0,0,0,"","",-1,-1,-1,-1,-1,-1,-1,-1,-1,-1,-1,-1,-1,-1,-1,-1,-1,-1,-1,-1,1.59,1.47,0.00,0.00,2.80,70,80,60,30,10,40,80,40,90,10.60,5.20,0.00,0.00,0.00,0.00,0.00,0.00,0.00,0.00,0.00,Elland Road
1779026400,May 17 2026 - 2:00pm,incomplete,N/A,Manchester United,Nottingham Forest,N/A,37,2.40,0.40,2.40,0.40,0,0,0,0,0,0,"","",-1,-1,-1,-1,-1,-1,-1,-1,-1,-1,-1,-1,-1,-1,-1,-1,-1,-1,-1,-1,1.92,1.15,0.00,0.00,2.80,50,90,40,20,20,50,90,40,60,6.80,3.40,0.00,0.00,0.00,0.00,0.00,0.00,0.00,0.00,0.00,Old Trafford
1779026400,May 17 2026 - 2:00pm,incomplete,N/A,Newcastle United,West Ham United,N/A,37,1.80,0.80,1.80,0.80,0,0,0,0,0,0,"","",-1,-1,-1,-1,-1,-1,-1,-1,-1,-1,-1,-1,-1,-1,-1,-1,-1,-1,-1,-1,1.66,1.21,0.00,0.00,2.70,50,90,60,10,10,10,70,60,90,12.20,3.40,0.00,0.00,0.00,0.00,0.00,0.00,0.00,0.00,0.00,N/A
1779026400,May 17 2026 - 2:00pm,incomplete,N/A,Aston Villa,Liverpool,N/A,37,2.00,1.20,2.00,1.20,0,0,0,0,0,0,"","",-1,-1,-1,-1,-1,-1,-1,-1,-1,-1,-1,-1,-1,-1,-1,-1,-1,-1,-1,-1,1.20,1.76,0.00,0.00,2.80,60,70,70,30,20,20,80,70,80,10.40,4.40,0.00,0.00,0.00,0.00,0.00,0.00,0.00,0.00,0.00,N/A
1779026400,May 17 2026 - 2:00pm,incomplete,N/A,AFC Bournemouth,Manchester City,N/A,37,2.60,1.40,2.60,1.40,0,0,0,0,0,0,"","",-1,-1,-1,-1,-1,-1,-1,-1,-1,-1,-1,-1,-1,-1,-1,-1,-1,-1,-1,-1,1.48,1.39,0.00,0.00,2.10,40,60,40,20,0,20,80,40,50,8.60,4.40,0.00,0.00,0.00,0.00,0.00,0.00,0.00,0.00,0.00,Vitality Stadium
1779026400,May 17 2026 - 2:00pm,incomplete,N/A,Chelsea,Tottenham Hotspur,N/A,37,1.40,2.60,1.40,2.60,0,0,0,0,0,0,"","",-1,-1,-1,-1,-1,-1,-1,-1,-1,-1,-1,-1,-1,-1,-1,-1,-1,-1,-1,-1,1.70,1.24,0.00,0.00,2.70,50,90,70,20,0,50,80,30,80,14.40,4.00,0.00,0.00,0.00,0.00,0.00,0.00,0.00,0.00,0.00,N/A
1779026400,May 17 2026 - 2:00pm,incomplete,N/A,Wolverhampton Wanderers,Fulham,N/A,37,0.20,0.20,0.20,0.20,0,0,0,0,0,0,"","",-1,-1,-1,-1,-1,-1,-1,-1,-1,-1,-1,-1,-1,-1,-1,-1,-1,-1,-1,-1,1.39,1.26,0.00,0.00,3.50,80,100,70,60,20,50,80,60,90,7.40,3.40,0.00,0.00,0.00,0.00,0.00,0.00,0.00,0.00,0.00,Molineux Stadium
1779634800,May 24 2026 - 3:00pm,incomplete,N/A,Manchester City,Aston Villa,N/A,38,2.25,1.25,2.25,1.25,0,0,0,0,0,0,"","",-1,-1,-1,-1,-1,-1,-1,-1,-1,-1,-1,-1,-1,-1,-1,-1,-1,-1,-1,-1,1.86,1.23,0.00,0.00,2.38,38,75,38,13,13,38,63,50,63,13.25,2.00,0.00,0.00,0.00,0.00,0.00,0.00,0.00,0.00,0.00,Etihad Stadium
1779634800,May 24 2026 - 3:00pm,incomplete,N/A,Brighton & Hove Albion,Manchester United,N/A,38,2.00,1.00,2.00,1.00,0,0,0,0,0,0,"","",-1,-1,-1,-1,-1,-1,-1,-1,-1,-1,-1,-1,-1,-1,-1,-1,-1,-1,-1,-1,1.43,1.34,0.00,0.00,3.00,88,100,75,25,0,25,75,75,100,8.25,2.75,0.00,0.00,0.00,0.00,0.00,0.00,0.00,0.00,0.00,The American Express Community Stadium
1779634800,May 24 2026 - 3:00pm,incomplete,N/A,Sunderland,Chelsea,N/A,38,2.50,1.75,2.50,1.75,0,0,0,0,0,0,"","",-1,-1,-1,-1,-1,-1,-1,-1,-1,-1,-1,-1,-1,-1,-1,-1,-1,-1,-1,-1,1.21,1.50,0.00,0.00,3.25,63,100,75,25,13,25,50,75,100,8.50,5.25,0.00,0.00,0.00,0.00,0.00,0.00,0.00,0.00,0.00,Stadium of Light
1779634800,May 24 2026 - 3:00pm,incomplete,N/A,Liverpool,Brentford,N/A,38,2.25,0.75,2.25,0.75,0,0,0,0,0,0,"","",-1,-1,-1,-1,-1,-1,-1,-1,-1,-1,-1,-1,-1,-1,-1,-1,-1,-1,-1,-1,1.67,1.32,0.00,0.00,3.25,75,88,75,38,13,38,75,38,100,13.00,2.75,0.00,0.00,0.00,0.00,0.00,0.00,0.00,0.00,0.00,Anfield
1779634800,May 24 2026 - 3:00pm,incomplete,N/A,Burnley,Wolverhampton Wanderers,N/A,38,1.75,0.25,1.75,0.25,0,0,0,0,0,0,"","",-1,-1,-1,-1,-1,-1,-1,-1,-1,-1,-1,-1,-1,-1,-1,-1,-1,-1,-1,-1,0.81,1.12,0.00,0.00,1.63,25,63,0,0,0,13,63,25,63,7.00,3.75,0.00,0.00,0.00,0.00,0.00,0.00,0.00,0.00,0.00,Turf Moor
1779634800,May 24 2026 - 3:00pm,incomplete,N/A,Crystal Palace,Arsenal,N/A,38,1.50,2.25,1.50,2.25,0,0,0,0,0,0,"","",-1,-1,-1,-1,-1,-1,-1,-1,-1,-1,-1,-1,-1,-1,-1,-1,-1,-1,-1,-1,1.68,1.57,0.00,0.00,2.13,50,50,38,13,13,13,63,38,75,12.00,3.25,0.00,0.00,0.00,0.00,0.00,0.00,0.00,0.00,0.00,Selhurst Park
1779634800,May 24 2026 - 3:00pm,incomplete,N/A,Fulham,Newcastle United,N/A,38,1.75,0.75,1.75,0.75,0,0,0,0,0,0,"","",-1,-1,-1,-1,-1,-1,-1,-1,-1,-1,-1,-1,-1,-1,-1,-1,-1,-1,-1,-1,1.14,1.37,0.00,0.00,1.38,38,38,25,13,0,13,25,25,63,9.25,2.50,0.00,0.00,0.00,0.00,0.00,0.00,0.00,0.00,0.00,Craven Cottage
1779634800,May 24 2026 - 3:00pm,incomplete,N/A,Nottingham Forest,AFC Bournemouth,N/A,38,0.75,1.25,0.75,1.25,0,0,0,0,0,0,"","",-1,-1,-1,-1,-1,-1,-1,-1,-1,-1,-1,-1,-1,-1,-1,-1,-1,-1,-1,-1,1.68,1.46,0.00,0.00,3.50,50,75,75,50,25,38,75,63,75,12.50,4.75,0.00,0.00,0.00,0.00,0.00,0.00,0.00,0.00,0.00,The City Ground
1779634800,May 24 2026 - 3:00pm,incomplete,N/A,Tottenham Hotspur,Everton,N/A,38,1.00,0.75,1.00,0.75,0,0,0,0,0,0,"","",-1,-1,-1,-1,-1,-1,-1,-1,-1,-1,-1,-1,-1,-1,-1,-1,-1,-1,-1,-1,1.29,0.94,0.00,0.00,2.50,50,75,50,13,13,38,63,50,88,8.25,3.75,0.00,0.00,0.00,0.00,0.00,0.00,0.00,0.00,0.00,N/A
1779634800,May 24 2026 - 3:00pm,incomplete,N/A,West Ham United,Leeds United,N/A,38,0.00,0.75,0.00,0.75,0,0,0,0,0,0,"","",-1,-1,-1,-1,-1,-1,-1,-1,-1,-1,-1,-1,-1,-1,-1,-1,-1,-1,-1,-1,1.07,1.15,0.00,0.00,3.25,38,88,63,38,25,38,75,50,88,8.25,3.00,0.00,0.00,0.00,0.00,0.00,0.00,0.00,0.00,0.00,London Stadium
